dataset,best_node.mean,best_node.sd,elite_nn.mean,elite_nn.sd,linear_discr.mean,linear_discr.sd,naive_bayes.mean,naive_bayes.sd,one_nn.mean,one_nn.sd,random_node.mean,random_node.sd,worst_node.mean,worst_node.sd
1,0.8025166369275645,0.0059340779642327,0.7724700340332794,0.0956179678214351,0.8338156038457919,0.0056182435719497,0.8069809684187824,0.0054801771494844,0.8962910850331317,0.0037573582879603,0.5637262385054338,0.0053184053186195,0.5009810594052709,0.0061233817514465
2,0.7395172856929767,0.0339486607090458,0.6897215242160338,0.026758803656031,0.7701639645221621,0.0386564751186333,0.7347331704014779,0.0497744775862773,0.7220468601195599,0.025596889918539,0.7012225626197608,0.0425137398022918,0.5997114270306242,0.0247034556877996
3,0.7586181818181819,0.0927293800513168,0.6907636363636362,0.09889292797232,0.8749818181818183,0.0320155150634035,0.727709090909091,0.0331673221414526,0.6702545454545453,0.0343168619720779,0.5763636363636364,0.0003833063830507,0.5762181818181817,0.0003513061029379
4,1.0,0.0,1.0,0.0,0.8,0.1333333333333333,0.92,0.2529822128134703,0.6199999999999999,0.2573367875415838,0.8,0.0,0.76,0.1264911064067351
5,0.871586879432624,0.0062618823887939,0.2051861702127659,0.2472054725948208,0.9454343971631208,0.0296404153231497,0.7873670212765959,0.0528501698488926,0.8758421985815602,0.0784766302405791,0.871586879432624,0.0062618823887939,0.871586879432624,0.0062618823887939
6,0.865336879432624,0.0096477907768862,0.3716755319148936,0.2687094329890985,0.949290780141844,0.0415303211570414,0.7369237588652482,0.0215662841496833,0.9049645390070922,0.0506558418441522,0.865336879432624,0.0096477907768862,0.865336879432624,0.0096477907768862
7,0.8777777777777779,0.011712139482105,0.42,0.363257627934226,0.9222222222222224,0.0282065670587552,0.5799999999999998,0.0821187203076479,0.8777777777777779,0.1022383240136464,0.8777777777777779,0.011712139482105,0.8777777777777779,0.011712139482105
8,0.7194444444444444,0.1553239015840517,0.5791666666666667,0.104766789809145,0.7194444444444444,0.1661256651619923,0.7194444444444444,0.1553239015840517,0.6291666666666667,0.1472848108281566,0.8041666666666666,0.13441083397855,0.7708333333333333,0.1583915314310741
9,0.7810224089635854,0.1605049383513896,0.6679691876750701,0.1730929389430903,0.9928711484593836,0.0100316901517055,0.9774229691876752,0.0259681139051394,0.9821428571428572,0.0258698508142962,0.7098879551820729,0.0691325631579335,0.6230672268907563,0.0056143077327291
10,0.8200000000000001,0.1751190071541826,0.76,0.1264911064067351,0.86,0.1646545204697129,0.72,0.1932183566158591,0.8600000000000001,0.1646545204697129,0.4,0.0,0.62,0.1751190071541826
11,0.8385885885885885,0.038682893326456,0.8436186186186185,0.0494217951429981,0.8256006006006007,0.1910762019975922,0.5677927927927928,0.221884649339307,0.8436186186186185,0.0494217951429981,0.8548798798798798,0.0118548379925867,0.8548798798798798,0.0118548379925867
12,,,,,,,,,,,0.5799999999999998,0.0740370277731452,,
13,0.7333333333333333,0.052704627669473,0.7000000000000001,0.1372121003914274,0.7916666666666666,0.0900102874778869,0.5666666666666667,0.1165343164633501,0.675,0.2435906807599306,0.6499999999999999,0.0351364184463153,0.6166666666666666,0.1054092553389459
14,0.493956043956044,0.0640999476179774,0.5912087912087912,0.0610305219037612,0.7725274725274726,0.1056317788193223,0.5087912087912088,0.1937794718341699,0.6450549450549451,0.2143592748101921,0.5236263736263735,0.0355188604603615,0.5302197802197801,0.0862654860885032
15,,,,,,,,,,,0.7718931475029036,0.0112632421500383,,
16,,,,,,,,,,,0.7166666666666667,0.0442123569863456,,
17,,,,,,,,,,,0.5790640394088669,0.025337420851868,,
18,0.9137362637362638,0.0736732852208009,0.7637362637362637,0.1959792542035961,0.9351648351648352,0.0228461042190661,0.2362637362637362,0.3120333061997885,0.7280219780219781,0.2577314210210493,0.9351648351648352,0.0228461042190661,0.9351648351648352,0.0228461042190661
19,0.7300000000000001,0.2668749186833079,0.73,0.2213594362117865,0.82,0.1549193338482966,0.8800000000000001,0.1619327706865482,0.79,0.2601281735350223,0.8099999999999999,0.0316227766016837,0.8099999999999999,0.0316227766016837
20,0.99,0.0316227766016837,0.99,0.0316227766016837,0.79,0.1197218999737864,0.8700000000000001,0.105934990547138,0.99,0.0316227766016837,0.7699999999999999,0.0948683298050513,0.74,0.0516397779494322
21,0.6416666666666667,0.1926504542711077,0.6,0.2629368792488718,0.7083333333333334,0.105774626470332,0.4416666666666666,0.2358658857261531,0.5333333333333333,0.3583225665910466,0.7083333333333334,0.105774626470332,0.7083333333333334,0.105774626470332
22,0.7844444444444444,0.0980187826685778,0.7133333333333333,0.1184953681093674,0.721111111111111,0.1465141369228381,0.5022222222222222,0.1216935817796685,0.718888888888889,0.1331325648945101,0.7533333333333333,0.0467899605847519,0.7533333333333333,0.0467899605847519
23,0.85,0.1129781410568121,0.7611111111111111,0.1001028277906635,0.8400000000000001,0.1198078021875894,0.4911111111111111,0.1872331205385729,0.7711111111111111,0.1090173090043569,0.7933333333333333,0.0348226941438315,0.7933333333333333,0.0348226941438315
24,0.8055379746835444,0.0059015192956537,0.8055379746835444,0.0059015192956537,0.8055379746835444,0.0059015192956537,0.5309810126582278,0.1337409190143006,0.7666613924050633,0.0193310214178667,0.8055379746835444,0.0059015192956537,0.8055379746835444,0.0059015192956537
25,,,,,,,,,,,0.9126126126126126,0.0109722678116787,,
26,0.938095238095238,0.1123513547249929,0.9238095238095236,0.1126872339638022,0.892857142857143,0.1005465036453962,0.9238095238095236,0.1126872339638022,0.9214285714285716,0.1144894568372273,0.7333333333333334,0.0547561533671757,0.9357142857142856,0.1144894568372273
27,0.7333333333333333,0.087488976377909,0.8033333333333333,0.0507961308918331,0.9433333333333334,0.0916919157145677,0.96,0.0843274042711567,0.8800000000000001,0.1146115285175789,0.6233333333333333,0.0545463898161492,0.6233333333333333,0.0545463898161492
28,0.8416666666666666,0.2305722885494126,0.775,0.2223957655694232,0.8749999999999998,0.1631575017287601,0.875,0.1631575017287601,0.8416666666666668,0.1687371394276382,0.7833333333333334,0.1531560972454469,0.7833333333333334,0.1531560972454469
29,0.52,0.1719172927763683,0.51,0.3134042472944842,0.74,0.2998147576235848,0.665,0.3206330543714349,0.55,0.262466929133727,0.595,0.222922507711636,0.5700000000000001,0.1960725489313699
30,0.7899999999999999,0.052967495273569,0.7750000000000001,1.1702778228589004e-16,0.8825,0.0312916389258643,0.6975,0.0248607231502938,0.8325000000000001,0.0601502747753953,0.7750000000000001,1.1702778228589004e-16,0.7750000000000001,1.1702778228589004e-16
31,0.425,0.1440700275543326,0.4,0.2249828525701843,0.5333333333333333,0.3561626761072135,0.4583333333333333,0.3245367068207756,0.575,0.1440700275543326,0.4666666666666666,0.1808757844011078,0.4916666666666667,0.3273773448574686
32,,,,,,,,,,,0.78,0.0318416219575713,,
33,0.9732142857142858,0.0566258856858346,0.9732142857142858,0.0566258856858346,0.8714285714285716,0.176936964318945,0.4446428571428572,0.1102235668715068,0.5696428571428571,0.1461548932963488,0.5803571428571428,0.0378807204207079,0.4946428571428572,0.0926164462849281
34,,,,,,,,,,,0.9067164179104475,0.0039331811693636,,
35,0.6166666666666666,0.314760343871451,0.5666666666666667,0.1405456737852612,0.7833333333333333,0.1765583175785633,0.6666666666666666,0.2078698548207745,0.6333333333333333,0.2459549291242073,0.7166666666666667,0.2229155849748764,0.6166666666666666,0.0805076485899413
36,0.9444852941176471,0.0195656715614987,0.8073529411764706,0.2494960799800535,0.7786764705882353,0.1530617140639278,0.6683823529411764,0.1859097305477618,0.7275735294117647,0.2355011471756143,0.9444852941176471,0.0195656715614987,0.9444852941176471,0.0195656715614987
37,0.9517094017094015,0.0988257951632384,0.9289173789173788,0.0999148950317706,0.9243589743589744,0.0971599781964687,0.9435897435897436,0.1006226506171722,0.9401709401709402,0.136484781390353,0.928062678062678,0.0118470797244773,0.9206552706552706,0.0269113919682782
38,0.6841591591591591,0.0111694062741668,0.6409159159159159,0.0970222834386193,0.5907657657657658,0.0635078239602383,0.3623123123123123,0.0536927643446768,0.5821321321321321,0.0627287083144771,0.6841591591591591,0.0111694062741668,0.6841591591591591,0.0111694062741668
39,0.5536363636363636,0.0945192271314184,0.5318181818181819,0.2367227264532651,0.739090909090909,0.1595476848098743,0.6763636363636364,0.160474503008118,0.3399999999999999,0.192809206902314,0.5290909090909091,0.0558431490898882,0.5936363636363635,0.0562119170134329
40,,,,,,,,,,,0.5712121212121213,0.0376592967319338,,
41,0.93,0.0483045891539647,0.8300000000000001,0.294580681270476,0.93,0.0483045891539647,0.13,0.1494434118097326,0.8200000000000001,0.1316561177208766,0.93,0.0483045891539647,0.93,0.0483045891539647
42,,,,,,,,,,,0.7177777777777778,0.0532097333216829,,
43,1.0,0.0,1.0,0.0,0.819047619047619,0.2147848390480763,0.7285714285714285,0.2264896378633266,0.7738095238095238,0.1728811183396187,0.6142857142857142,0.2120102585024,0.7785714285714287,0.1799505825056337
44,0.7138888888888889,0.1787300882460601,0.5888888888888889,0.1480323621608247,0.6,0.1844661968431554,0.6625,0.2208726380116428,0.638888888888889,0.183207027198235,0.5694444444444444,0.2169513798862959,0.5055555555555555,0.0175682092231576
45,0.875,0.1317615691736824,0.875,0.1317615691736824,0.775,0.0790569415042094,0.9,0.1290994448735805,0.825,0.1687371394276382,0.575,0.1687371394276382,0.525,0.0790569415042094
46,0.6329302987197724,0.0575897010525847,0.6250355618776672,0.0629567334272656,0.6461593172119487,0.0643994087042085,0.4300853485064011,0.0124327633623587,0.5483641536273115,0.081622751506696,0.5592460881934566,0.0241473034412658,0.5699146514935989,0.0124327633623587
47,,,,,,,,,,,0.6166666666666667,0.0805076485899413,,
48,0.8719780219780221,0.1491982805881374,0.8340659340659341,0.1553605907168937,0.9016483516483518,0.1186510724357976,0.8587912087912087,0.2177878249977509,0.8395604395604396,0.1471780103015113,0.5252747252747253,0.1617994784726338,0.7384615384615385,0.2064030245327681
49,0.9370534573982848,0.176926602172017,0.76544851912668,0.2269890333933146,0.9148336678221736,0.2041754838386442,0.9368223560177584,0.1049992828870251,0.9558237547892722,0.0905992236816137,0.9370534573982848,0.176926602172017,0.7603655050781489,0.0006404842124186
50,,,,,,,,,,,0.875,0.1631575017287601,,
51,0.845,0.1862644476126468,0.7849999999999999,0.223668902124944,0.845,0.1862644476126468,0.745,0.1707011683875915,0.725,0.1751983003469053,0.5,0.0942809041582063,0.845,0.1862644476126468
52,0.5225254394079556,0.1530072786893666,0.5466697502312673,0.1024812036803913,0.5586031452358927,0.2721558073203169,0.6309435707678076,0.2192471298475368,0.5019426456984274,0.0606204018541932,0.5407030527289546,0.0482028317948838,0.4957446808510639,0.1170516004793844
53,0.5149999999999999,0.1826502425706331,0.6699999999999999,0.0918936583472681,0.575,0.2324387613496892,0.5700000000000001,0.1619327706865482,0.6599999999999999,0.2503331114069145,0.565,0.1700490125424627,0.615,0.1667499791770768
54,0.7231617647058823,0.0554877818535305,0.6919117647058823,0.145258588971967,0.7536764705882353,0.1017968610651724,0.6724264705882353,0.2472785967133858,0.7610294117647058,0.1413197972071164,0.7330882352941177,0.1608261542881449,0.711764705882353,0.0275776140765396
55,0.8552309612983772,0.0348307496878429,0.8052309612983771,0.0494568149933699,0.9766416978776528,0.0212425925461137,0.8474282147315855,0.0379609748392199,0.9320848938826468,0.0274322928659914,0.7616978776529338,0.0053819180722842,0.7616978776529338,0.0053819180722842
56,0.8552309612983772,0.0348307496878429,0.8052309612983771,0.0494568149933699,0.9766416978776528,0.0212425925461137,0.8474282147315855,0.0379609748392199,0.9320848938826468,0.0274322928659914,0.7616978776529338,0.0053819180722842,0.7616978776529338,0.0053819180722842
57,,,,,,,,,,,0.5090338164251207,0.0518308686201329,,
58,0.7854545454545454,0.2257871878575784,0.5942532467532468,0.197370913502151,0.5167857142857144,0.2367165440399597,0.8693831168831169,0.0338410932035756,0.6831493506493506,0.1119569207406234,0.7908116883116882,0.2282986558842506,0.8568831168831167,0.0008213708208229
59,0.9446103896103896,0.1381701272056409,0.9374350649350648,0.1368260771778844,0.9496428571428572,0.0839509426449462,0.983896103896104,0.0196554197601047,0.9820454545454546,0.0239732905870118,0.9660389610389613,0.0055442530405549,0.9660389610389613,0.0055442530405549
60,0.9124350649350648,0.2083069950180743,0.8302922077922078,0.3082595365548749,0.8749350649350649,0.1472101616518335,0.9749350649350648,0.0192371766178098,0.8995779220779221,0.0752801981564764,0.957077922077922,0.009167631314336,0.9624350649350648,0.0156287323834379
61,1.0,0.0,1.0,0.0,0.9928246753246752,0.0092637784677425,1.0,0.0,0.9981818181818184,0.0057495957457606,0.9767532467532468,0.008603998202449,0.946396103896104,0.1448188193656403
62,0.8446640316205534,0.0645935750115278,0.8446640316205534,0.0645935750115278,0.8938735177865611,0.0749487092900991,0.9112648221343872,0.0922663663621895,0.8893280632411067,0.066407605932821,0.7480237154150198,0.0174354153726825,0.7966403162055335,0.071846997911459
63,,,,,,,,,,,0.7611111111111112,0.1484487690654154,,
64,,,,,,,,,,,,,,
65,,,,,,,,,,,0.5225641025641026,0.0051353226959999,,
66,0.94375,0.0748261874836165,0.9125,0.1029090752935705,0.94375,0.0687815584134132,0.9375,0.0883883476483184,0.9245833333333332,0.0873444384372921,0.6729166666666667,0.0767353255364514,0.5475,0.1777365403561625
67,,,,,,,,,,,0.6685714285714286,0.0260771960956432,,
68,0.94375,0.0748261874836165,0.9125,0.1029090752935705,0.925,0.1171122443546266,0.9120833333333334,0.1109278001758434,0.9245833333333332,0.0873444384372921,0.85,0.1148670729340851,0.6666666666666667,0.1062295731998496
69,0.861111111111111,0.0292803487052627,0.6944444444444444,0.1742119233539516,0.788888888888889,0.1007516333980403,0.3277777777777778,0.0805076485899413,0.6833333333333333,0.1815381619726292,0.861111111111111,0.0292803487052627,0.861111111111111,0.0292803487052627
70,0.4496671786994367,0.1412904408850593,0.5358422939068099,0.1864957092893876,0.9217101894521248,0.0917180302391329,0.8673579109062979,0.1082249661049167,0.7921915002560163,0.0607203427632993,0.6800563236047108,0.0452239334784839,0.6987967229902715,0.0888683194988594
71,0.7262835820895521,0.2119665675215963,0.2256915422885572,0.170967156166261,0.8845597014925373,0.0537147275995147,0.8132537313432836,0.1201973791939735,0.2426194029850746,0.2083532267920883,0.7136218905472635,0.1453367760722679,0.7586218905472636,0.1852011833473076
72,0.7557358765895351,0.013628851241413,0.6580800500312696,0.014726816278602,0.8132316328657792,0.0072106677578266,0.80163554602579,0.0110444019692288,0.7335191637630663,0.0103500841978615,0.6895753298192323,0.0004788092316868,0.6895753298192323,0.0004788092316868
73,0.7941898210190893,0.0070867865965206,0.7125271747222967,0.0106227197601112,0.9052744274695492,0.0104644808711823,0.9041738884421812,0.0065829402988816,0.9144268739390692,0.0107427467150597,0.7465817921915483,0.0120641148168122,0.5963134697281038,0.0005575035208534
74,0.7155555555555555,0.1565400942167651,0.6233333333333333,0.1709691570865842,0.6766666666666666,0.1769618622355423,0.6966666666666667,0.1786283663880506,0.5999999999999999,0.1548484811879027,0.6177777777777778,0.2072221394763678,0.5222222222222223,0.1011592613610937
75,,,,,,,,,,,0.6364285714285715,0.0229487252571837,,
76,0.9961538461538462,0.0121626063852629,0.9961538461538462,0.0121626063852629,0.9603076923076924,0.0377179400024393,0.7818461538461539,0.1129085903281421,0.6899999999999998,0.1059573307989252,0.5435384615384615,0.1150640561388378,0.5112307692307692,0.0717144237924398
77,0.85,0.2415229457698239,0.85,0.2415229457698239,0.875,0.2429563289518875,0.9,0.2415229457698239,0.875,0.1767766952966369,0.625,0.1317615691736824,0.675,0.1687371394276382
78,0.7969019607843136,0.1108011748018812,0.7732156862745098,0.0991752998481051,0.7947450980392157,0.1278799150488597,0.7402352941176471,0.1997816912680416,0.556470588235294,0.1673256739320658,0.5869411764705882,0.0060103716585622,0.5849803921568627,0.0744104486063972
79,0.8065490196078431,0.1016442295660474,0.7571764705882353,0.1019910797961369,0.5956470588235294,0.1511046032929344,0.5815686274509805,0.1366133778323949,0.5471764705882352,0.0993410817287145,0.5592941176470589,0.0080278893590528,0.5592941176470589,0.0080278893590528
80,0.6964285714285714,0.0868229027158139,0.6370689655172413,0.1718548391259398,0.6956896551724138,0.0624633703776277,0.6330049261083743,0.1331429578310388,0.6602216748768472,0.0771417360553431,0.7029556650246306,0.0143243536864133,0.7029556650246306,0.0143243536864133
81,,,,,,,,,,,0.9227743271221532,0.0294471761710095,,
82,0.5834975369458129,0.0512554678599253,0.5522167487684729,0.0928806960469576,0.5900246305418719,0.0826652464419493,0.4788177339901477,0.0432568230654425,0.5798029556650246,0.0612300056923376,0.573399014778325,0.0133803276108133,0.580295566502463,0.0076314942782412
83,,,,,,,,,,,0.589090909090909,0.0403838333308065,,
84,0.7845454545454544,0.161492692736119,0.7172727272727272,0.1865273978698746,0.7845454545454547,0.1569363483938608,0.5581818181818182,0.1694912172570388,0.8118181818181818,0.1299890508915993,0.5900000000000001,0.1317014460464479,0.589090909090909,0.0403838333308065
85,0.7598837209302325,0.0436041726454746,0.686046511627907,0.0296859051217272,0.8203003875968993,0.0393284669898657,0.7440406976744185,0.0721828949576445,0.6371608527131783,0.0401248407084251,0.5866279069767442,0.0623651888891753,0.59375,0.0002553518782435
86,0.7002352466729399,0.0017145476402759,0.7002352466729399,0.0017145476402759,0.8617018416453824,0.0932923590788266,0.8554409194784245,0.1079898541903684,0.647140072590402,0.1609600323737536,0.7002352466729399,0.0017145476402759,0.7002352466729399,0.0017145476402759
87,,,,,,,,,,,,,,
88,,,,,,,,,,,0.625609756097561,0.0094024662652198,,
89,0.876449275362319,0.0434430211455924,0.7867753623188405,0.046814513726181,0.8344202898550724,0.0676770473256598,0.8717391304347826,0.0546142156285118,0.8552536231884058,0.049571741173065,0.8378623188405797,0.045352211501242,0.7746376811594202,0.1039847357554687
90,,,,,,,,,,,0.5478494623655914,0.0145525892836285,,
91,0.8464285714285715,0.2639530295602968,0.5428571428571429,0.2363327624413818,0.8875,0.2389938399949997,0.8464285714285715,0.2639530295602968,0.7749999999999999,0.235581973446934,0.8464285714285715,0.2639530295602968,0.6678571428571429,0.0625425025550652
92,0.44,0.06992058987801,0.6199999999999999,0.1398411797560202,0.5900000000000001,0.2330951164939611,0.77,0.1888562063228706,0.71,0.2233582075700127,0.4599999999999999,0.0843274042711567,0.5,0.1333333333333333
93,0.8833333333333332,0.249072353016221,0.5,0.1571348402636772,0.8166666666666667,0.2539806544591658,0.85,0.2539806544591658,0.8333333333333333,0.2721655269759087,0.4,0.1165343164633501,0.4,0.1165343164633501
94,0.7678571428571428,0.1202322016471675,0.8464285714285713,0.1062128953485498,0.6696428571428571,0.1229278358813296,0.6714285714285714,0.1475422227126635,0.6767857142857142,0.1821953705812101,0.6535714285714286,0.066921282488358,0.6535714285714286,0.066921282488358
95,0.795,0.1640629960309962,0.795,0.0955975359979999,0.65,0.1247219128924647,0.675,0.1903943276465977,0.8600000000000001,0.0966091783079295,0.63,0.0632455532033676,0.63,0.0632455532033676
96,0.9416666666666668,0.1245361765081105,0.7833333333333333,0.1531560972454469,0.9416666666666668,0.1245361765081105,0.9416666666666668,0.1245361765081105,0.8833333333333332,0.1531560972454469,0.5333333333333333,0.1531560972454469,0.5333333333333333,0.1531560972454469
97,0.6166666666666667,0.2918650119236377,0.5916666666666667,0.2058181505871411,0.7666666666666667,0.1459325059618188,0.7333333333333333,0.1995364999563108,0.5916666666666667,0.2058181505871411,0.5333333333333333,0.1254621087848468,0.5333333333333333,0.1254621087848468
98,0.7166666666666667,0.2865288212939473,0.5249999999999999,0.2665798469780017,0.6583333333333334,0.2167734779458519,0.725,0.1714588818001218,0.6166666666666667,0.2297341458681703,0.6666666666666667,0.0962250448649376,0.6666666666666667,0.0962250448649376
99,0.7749999999999999,0.1947438575874145,0.6785714285714286,0.2429563289518875,0.7267857142857143,0.1309659083922137,0.825,0.1601179412247135,0.7374999999999999,0.1184658403456379,0.7749999999999999,0.1947438575874145,0.6964285714285715,0.0376461626210521
100,0.725,0.1245361765081105,0.6083333333333333,0.2636694994463174,0.6,0.2908056072956089,0.6083333333333333,0.2941035762792539,0.5583333333333333,0.2325715076548275,0.5666666666666667,0.086066296582387,0.5666666666666667,0.086066296582387
101,0.635,0.1434689281110489,0.485,0.2517163306404872,0.505,0.1517490618678671,0.6849999999999999,0.1292069829554287,0.7849999999999999,0.1841647812874835,0.4549999999999999,0.0831664996658309,0.6849999999999999,0.1748809118609956
102,0.5799999999999998,0.0172132593164774,0.7000000000000001,0.0684934889218775,0.5833333333333333,0.0671280331866365,0.6033333333333333,0.059731911358736,0.7233333333333334,0.0629520687742902,0.5833333333333333,0.0175682092231576,0.59,0.0545463898161492
103,0.66,0.2319003617456811,0.66,0.2319003617456811,0.6799999999999999,0.2859681411936962,0.62,0.3326659986633239,0.62,0.1751190071541826,0.4600000000000001,0.0966091783079295,0.4600000000000001,0.0966091783079295
104,0.7699999999999999,0.2201009869229223,0.585,0.2345800029366906,0.61,0.1837873166945362,0.615,0.2199115984006098,0.425,0.1550089603144856,0.37,0.214993539954628,0.6,0.187082869338697
105,0.5933333333333333,0.1897366596101027,0.58,0.1799862820561474,0.6499999999999999,0.0932936423541481,0.6333333333333332,0.1305260013830081,0.5766666666666667,0.1449137674618943,0.6666666666666666,0.0769800358919501,0.6666666666666666,0.0769800358919501
106,0.5577777777777777,0.1760564817712274,0.5244444444444445,0.1742552248913083,0.6577777777777778,0.1733080070133072,0.6533333333333334,0.1655352543688427,0.5611111111111111,0.1150237048390335,0.47,0.076988945102777,0.5511111111111111,0.201720990540626
107,0.5611111111111111,0.1289665581220751,0.6911111111111111,0.2153760229824113,0.53,0.093117033312945,0.6077777777777779,0.1641413623413541,0.7188888888888889,0.2183018385854017,0.5633333333333334,0.0892046859448147,0.5633333333333334,0.0892046859448147
108,0.6166666666666667,0.2194268628681278,0.775,0.2665798469780017,0.4666666666666666,0.1531560972454469,0.6,0.1165343164633501,0.3916666666666666,0.347055515536344,0.6333333333333334,0.0702728368926306,0.6333333333333334,0.0702728368926306
109,0.6428571428571428,0.1337484090980374,0.5142857142857143,0.1314684396244359,0.5666666666666667,0.1369133882720496,0.6095238095238096,0.1547924267826653,0.7714285714285715,0.1717662752497623,0.6714285714285714,0.1466859054241006,0.5785714285714285,0.1664965117814008
110,0.7833333333333333,0.1531560972454469,0.85,0.1610152971798826,0.85,0.1610152971798826,0.875,0.1631575017287601,0.7833333333333333,0.1531560972454469,0.6333333333333334,0.0702728368926306,0.6333333333333334,0.0702728368926306
111,0.55,0.2581988897471611,0.75,0.2357022603955158,0.65,0.268741924943285,0.675,0.2898754521821014,0.45,0.2297341458681703,0.475,0.1419115530493866,0.55,0.1972026594366538
112,0.5833333333333333,0.1800205749557739,0.5,0.0785674201318386,0.6166666666666666,0.1932503014547343,0.6333333333333333,0.1531560972454469,0.5,0.2721655269759087,0.6,0.086066296582387,0.6,0.086066296582387
113,0.8142857142857143,0.233770242069211,0.8142857142857143,0.233770242069211,0.8142857142857143,0.233770242069211,0.8142857142857143,0.233770242069211,0.7464285714285714,0.1618784992705241,0.5428571428571428,0.0499432784842929,0.6785714285714285,0.2363027766818953
114,0.6666666666666667,0.1360827634879543,0.6333333333333334,0.1531560972454469,0.6666666666666667,0.1571348402636772,0.6833333333333333,0.1229774645621036,0.8,0.1531560972454469,0.6,0.1165343164633501,0.55,0.0805076485899413
115,0.6678571428571429,0.0625425025550652,0.6642857142857143,0.1572149906592302,0.7321428571428571,0.2751004763878891,0.5678571428571428,0.2090633468430018,0.6928571428571428,0.1498298354528788,0.6678571428571429,0.0625425025550652,0.6678571428571429,0.0625425025550652
116,0.7,0.2330686329267003,0.675,0.310440746021078,1.0,0.0,0.9,0.2249828525701843,1.0,0.0,0.4666666666666666,0.1531560972454469,0.4666666666666666,0.1531560972454469
117,0.65,0.1229774645621036,0.5166666666666667,0.1657381543352922,0.6833333333333332,0.1657381543352922,0.6166666666666666,0.1372121003914274,0.4833333333333333,0.1834174891024353,0.65,0.1229774645621036,0.6,0.1405456737852613
118,0.7649999999999999,0.147290340635238,0.76,0.1629587541544042,0.8,0.2368778400591982,0.76,0.2492210085669166,0.6799999999999999,0.2359378449224852,0.76,0.1629587541544042,0.5650000000000001,0.1748809118609956
119,0.675,0.2371708245126284,0.825,0.2371708245126284,0.65,0.1748014746950252,0.575,0.1687371394276382,0.725,0.1844661968431554,0.675,0.2371708245126284,0.475,0.0790569415042094
120,0.8333333333333333,0.188398055086813,0.8583333333333332,0.2188987589427282,0.75,0.1521451548625461,0.725,0.1714588818001218,0.5583333333333333,0.2665798469780017,0.5916666666666667,0.0997682499781554,0.5916666666666667,0.0997682499781554
121,0.8066666666666666,0.2204372758691065,0.75,0.3092204455572388,0.9266666666666667,0.095322713731232,0.8333333333333334,0.1662958838566196,0.9433333333333336,0.0916919157145677,0.7866666666666667,0.2554105869012374,0.8566666666666667,0.1987926520737588
122,0.425,0.2058181505871411,0.725,0.2188987589427282,0.425,0.3545341231030441,0.45,0.368932393686311,0.65,0.2934469476943168,0.6,0.1748014746950252,0.525,0.2751262336536529
123,0.3083333333333333,0.1245361765081105,0.4666666666666666,0.3122993182790043,0.3833333333333333,0.1531560972454469,0.375,0.1973982000493318,0.3833333333333333,0.2194268628681277,0.2833333333333333,0.1054092553389459,0.3166666666666667,0.0351364184463153
124,0.825,0.2058181505871411,0.725,0.2188987589427282,0.7,0.1972026594366538,0.3083333333333333,0.1043054630862143,0.7666666666666667,0.1459325059618188,0.6916666666666667,0.1043054630862143,0.7166666666666667,0.0805076485899413
125,0.5,0.0353553390593273,0.4575,0.0677515887472594,0.485,0.0834998336658356,0.5025,0.0877575574460051,0.545,0.0483045891539647,0.525,0.0666666666666666,0.5,0.0424918292799398
126,0.495,0.0421637021355783,0.475,0.0857969178415583,0.4974999999999999,0.0660912668629945,0.505,0.0674948557710552,0.4575,0.0624166110369133,0.5075000000000001,0.0391755309118105,0.5025000000000001,0.0660912668629945
127,0.4574999999999999,0.0457195557478173,0.505,0.0621378396076908,0.4425,0.0745821694508815,0.4899999999999999,0.0567646212197546,0.5075000000000001,0.0677515887472594,0.5,0.0311804782231161,0.51,0.0394405318873307
128,0.5325,0.0553398590529466,0.4925,0.0677515887472594,0.48,0.0926462807312486,0.4600000000000001,0.0625832778517286,0.5025000000000001,0.09010025280517,0.55,0.0311804782231161,0.5075000000000001,0.0687689367859258
129,0.55,0.0577350269189625,0.545,0.0831664996658309,0.5725,0.0415832498329154,0.5700000000000001,0.0610100173924104,0.53,0.0848200709999964,0.5875,0.0131761569173682,0.585,0.0174801474695025
130,0.7713235294117646,0.2258615335414992,0.8143382352941178,0.1704026380776471,0.8404411764705882,0.2014670101299555,0.8213235294117647,0.2201602602125439,0.8143382352941178,0.1704026380776471,0.5529411764705883,0.0213108481561609,0.5529411764705883,0.0213108481561609
131,0.9480026338893768,0.0838566150879478,0.8512291483757682,0.0115555868758097,0.8559701492537313,0.1230611560648179,1.0,0.0,1.0,0.0,0.7827480245829674,0.0072522801113127,0.8958516242317822,0.0169938885946273
132,0.6415204678362574,0.2305730610498123,0.4818713450292398,0.1159622892406984,0.668421052631579,0.1833353800537183,0.4532163742690058,0.0668476732923284,0.5421052631578946,0.1704187618902453,0.5298245614035088,0.020620428135061,0.5298245614035088,0.020620428135061
133,0.8873517786561264,0.0685618541831762,0.824901185770751,0.0821800716045419,0.9098814229249012,0.0567162688002305,0.8877470355731225,0.0795210029604463,0.8057312252964428,0.1361998022891928,0.8873517786561264,0.0685618541831762,0.5853754940711463,0.0645640071971937
134,0.5,0.1054092553389459,0.6399999999999999,0.2065591117977289,0.5999999999999999,0.1333333333333333,0.6399999999999999,0.1837873166945363,0.6199999999999999,0.1988857852023506,0.42,0.0632455532033675,0.4599999999999999,0.0966091783079295
135,0.9732142857142858,0.0566258856858346,0.9446428571428572,0.0983314596846747,0.9732142857142858,0.0566258856858346,0.6214285714285713,0.2070196678027062,1.0,0.0,0.5821428571428571,0.0225876975726312,0.5964285714285714,0.1961939435662158
136,,,,,,,,,,,0.680923076923077,0.0153366774502717,,
137,0.8166666666666668,0.1239772978023411,0.75,0.2038215147538238,0.7099999999999999,0.1515760820247552,0.3933333333333333,0.064406118871953,0.75,0.2038215147538238,0.6066666666666666,0.064406118871953,0.6066666666666666,0.064406118871953
138,0.975,0.0790569415042094,0.975,0.0790569415042094,0.75,0.0962250448649376,0.95,0.1054092553389459,0.975,0.0790569415042094,0.725,0.0402538242949706,0.725,0.0402538242949706
139,0.8800000000000001,0.1735255344642715,0.8400000000000001,0.1882669499525725,0.8699999999999999,0.1475729574745243,0.905,0.1234908903522847,0.86,0.1696401419999929,0.665,0.0944281031614353,0.91,0.1505545305418162
140,0.78,0.2529822128134703,0.7,0.2108185106778919,0.7766666666666666,0.2266503262083917,0.7766666666666666,0.2061103623825873,0.7566666666666666,0.2330951164939611,0.6333333333333333,0.1924500897298752,0.4566666666666666,0.2131770260709264
141,0.6096669750231267,0.1454770174684896,0.4765032377428307,0.1670334241119271,0.4980573543015726,0.0863584733801481,0.7504162812210915,0.2136604559695462,0.5819611470860314,0.1378282321617221,0.5192876965772433,0.0580529867367585,0.5671137835337651,0.1628005960335292
142,,,,,,,,,,,,,,
143,,,,,,,,,,,0.7567946748591909,0.0004495013953611,,
144,,,,,,,,,,,0.6402150537634407,0.1026782570729239,,
145,0.7427272727272728,0.0948683298050513,0.77,0.2203615861490785,0.6936363636363636,0.0783261528858357,0.5909090909090908,0.1761229222632774,0.7609090909090909,0.2361323654885566,0.7036363636363637,0.0371629326466809,0.6945454545454546,0.0415935998467236
146,0.6361095789667219,0.0082342690913062,0.4330851259422688,0.0260474712209093,0.6720490899062328,0.0301027224245323,0.6157198014340872,0.0406930869682624,0.6176916712630999,0.0633878307523007,0.5682248575105717,0.0073853189825288,0.5872311086596801,0.0242056004815122
148,,,,,,,,,,,0.6630630630630632,0.0128814478015178,,
149,,,,,,,,,,,0.7002578838785735,0.0035900926203896,,
150,,,,,,,,,,,0.5284204345273047,0.0032661032505172,,
151,1.0,0.0,1.0,0.0,0.844,0.0126491106406735,1.0,0.0,0.914,0.1627677281691101,0.8400000000000001,1.1702778228589004e-16,0.8400000000000001,1.1702778228589004e-16
152,0.9035714285714288,0.0891665871955905,0.8482142857142858,0.1127029537426279,0.8892857142857142,0.1070766991512802,0.7642857142857142,0.0882077788230604,0.85,0.1176103717640806,0.8357142857142856,0.0451753951452625,0.8357142857142856,0.0451753951452625
153,0.7892857142857144,0.034617188075499,0.855952380952381,0.0825644804019033,0.7326190476190476,0.1519506573449871,0.9278571428571428,0.0475402787677586,0.9619047619047618,0.0437588849272705,0.7226190476190476,0.0731817474045762,0.7702380952380953,0.0836257153456386
154,0.8560796926650586,0.0099922494318602,0.8015127013907503,0.0119076940679203,0.9154069507728044,0.0075265825354831,0.8930656064802406,0.0142468731751263,0.7604956967152089,0.0135275148077726,0.6976318532416094,0.0005585588164001,0.7392542958396617,0.0108433758613739
155,0.8386251824056702,0.0123435263201122,0.7955302421156079,0.0432428493110032,0.8963629053872957,0.0079329058368852,0.8199466928735222,0.0100470965296097,0.7603735965931088,0.0135678151957481,0.7353517079126836,0.0108367587400444,0.6976318532416094,0.0005585588164001
156,,,,,,,,,,,0.5550724637681159,0.0070006650947774,,
158,0.6000000000000001,0.1165343164633501,0.6166666666666667,0.1765583175785633,0.75,0.161970885967925,0.7,0.1531560972454469,0.5666666666666667,0.2744242007828549,0.6000000000000001,0.1165343164633501,0.5666666666666667,0.086066296582387
159,0.6087670224512329,0.0233260028123038,0.4640694393325972,0.058586179740009,0.6360618329039383,0.0363171936166232,0.6280161943319837,0.0355211960326049,0.4493424119739909,0.0577185200006444,0.5092810698073856,0.0011724932874459,0.5078824684087844,0.0052959329271808
160,,,,,,,,,,,0.740309932785661,0.0039637710733386,,
161,0.696067415730337,0.0375420777015505,0.3794050051072523,0.1358749129108336,0.6858401430030644,0.0499225839032039,0.5977272727272728,0.0308072414516486,0.3805286006128702,0.1334460058074684,0.696067415730337,0.0375420777015505,0.696067415730337,0.0375420777015505
162,0.7237704918032787,0.0371649019526601,0.3412215758857747,0.144495809119766,0.7221311475409836,0.0325382234289529,0.7189317821258594,0.0324958318488185,0.3477525118984664,0.1441523880810045,0.7237704918032787,0.0371649019526601,0.6732152300370176,0.0184256274647054
163,0.9857142857142858,0.0451753951452625,0.9857142857142858,0.0451753951452625,0.9238095238095236,0.1312766547818116,0.8023809523809524,0.1687511372823578,0.5738095238095238,0.1696445975961958,0.9857142857142858,0.0451753951452625,0.5571428571428572,0.0301169300968416
164,0.9408888888888888,0.0030298540632614,0.8908282828282829,0.0636115748131068,0.8836161616161616,0.102349589939047,0.8695959595959597,0.1225691341437209,0.8766464646464647,0.0634280487558615,0.9408888888888888,0.0030298540632614,0.9408888888888888,0.0030298540632614
165,0.6705069124423965,1.1702778228589004e-16,0.4714285714285714,0.1312856415938995,0.5806451612903225,0.1640248048658705,0.5792626728110599,0.1610678005635967,0.2039170506912442,0.1064918918439186,0.6705069124423965,1.1702778228589004e-16,0.5682027649769585,0.16472532706882
166,0.9743878106294211,0.0202403920347275,0.8914157446036641,0.0148255473283334,0.9743878106294211,0.0202403920347275,0.9892300018138944,0.0229143090298777,0.7265055323780156,0.1274645370983817,0.886717758026483,0.0027496152407912,0.886717758026483,0.0027496152407912
167,0.8071505090505378,0.0002179482522303,0.5013157194138549,0.3327197268151611,0.7683349783799548,0.0991076502917742,0.5593564410727611,0.1526267769559724,0.6784894856090208,0.0793099841621656,0.8071505090505378,0.0002179482522303,0.8071505090505378,0.0002179482522303
168,0.7832517223945799,0.0001977254535222,0.5291750908242876,0.3196175205920586,0.7469012314319821,0.0765248728217193,0.451756874283916,0.0927943535131457,0.6490124219924228,0.0667703804830687,0.7832517223945799,0.0001977254535222,0.7832517223945799,0.0001977254535222
169,0.7707977056992528,0.000115655696168,0.3238212638320926,0.2662767015912933,0.7599917974328625,0.0341266835733076,0.4264878101335422,0.1233946731795996,0.5351698701143778,0.1189261574621749,0.7707977056992528,0.000115655696168,0.7707977056992528,0.000115655696168
170,0.724101909361609,6.133395721425348e-05,0.2698787544440061,0.2628043127492113,0.6999154124238675,0.0685403682917053,0.440271887887981,0.1346585585713861,0.4913557890603727,0.118706198678726,0.724101909361609,6.133395721425348e-05,0.724101909361609,6.133395721425348e-05
171,0.8064378509353125,4.349444040654402e-05,0.3968988088421611,0.3369545966762668,0.8059689677298565,0.0014688132753558,0.2934182394567171,0.0403347261107847,0.5637997626045875,0.1270649231346423,0.8064378509353125,4.349444040654402e-05,0.8064378509353125,4.349444040654402e-05
172,0.7478179930094727,9.867674360944837e-05,0.3192017830086613,0.2679997183515296,0.7289216182901914,0.051533451408232,0.3783915218337635,0.0855449907866835,0.4898873130618749,0.1346680969323474,0.7478179930094727,9.867674360944837e-05,0.7478179930094727,9.867674360944837e-05
173,0.6746835443037975,0.1260254984094672,0.6139240506329113,0.054445096626852,0.6455696202531647,0.1019666326885617,0.6113924050632911,0.1040492982964906,0.2860759493670887,0.2080130262136929,0.6329113924050632,0.1636347631195385,0.6101265822784809,0.1612013154063335
174,0.94,0.1349897115421105,0.92,0.1398411797560202,0.96,0.0843274042711567,0.96,0.1264911064067351,0.92,0.1398411797560202,0.92,0.1032795558988644,0.96,0.1264911064067351
175,1.0,0.0,1.0,0.0,1.0,0.0,0.9858894737879774,0.0188229240826725,0.4051162240492104,0.1351087219814656,0.7309506910352714,0.0011620045430797,0.685038741349737,0.1445734981013654
176,0.814924506387921,0.0585533350030306,0.8240418118466899,0.1309815281690468,0.8410569105691057,0.0773766032136321,0.8434959349593496,0.0808095188378289,0.735075493612079,0.1042894532452007,0.8146922183507549,0.0748568247632789,0.5580720092915215,0.0591840866787393
177,,,,,,,,,,,0.6745098039215687,0.0445212715449056,,
178,0.8,0.1885618083164126,0.73,0.1766981104093143,0.7466666666666667,0.1853924765743485,0.41,0.0316227766016837,0.6900000000000001,0.2601281735350222,0.5899999999999999,0.0316227766016837,0.5899999999999999,0.0316227766016837
179,1.0,0.0,1.0,0.0,0.9033333333333332,0.102379106664795,0.94,0.1349897115421105,1.0,0.0,0.8633333333333333,0.1337493509849258,0.8633333333333333,0.1337493509849258
180,,,,,,,,,,,0.7712321523003702,0.0015607927813276,,
181,0.972857142857143,0.035068230654103,0.9523809523809524,0.0470869745212423,0.8980952380952383,0.0580266747810229,0.9590476190476191,0.0487795107104914,0.9790476190476192,0.0476824974108408,0.972857142857143,0.035068230654103,0.758095238095238,0.1742969898338894
182,0.7264367816091954,0.2448056999793009,0.6873563218390805,0.2465498634968656,0.8788505747126436,0.1220584064143699,0.8206896551724139,0.1568496461025942,0.9020689655172416,0.1120528200047406,0.6597701149425287,0.0059356066608542,0.6494252873563218,0.0538964851298258
183,0.7066666666666667,0.0843274042711568,0.7766666666666666,0.1735966660657278,0.8366666666666667,0.157487996799129,0.93,0.1201336704068934,0.8300000000000001,0.1766981104093143,0.7066666666666667,0.0843274042711568,0.7066666666666667,0.0843274042711568
184,,,,,,,,,,,0.5777777777777777,0.00780809298807,,
185,0.9364577587972956,0.0094374992591673,0.8807667002852325,0.0168477168265876,0.9396831712813402,0.009625278817226,0.9329504625179256,0.011154255964376,0.9107880139306932,0.00817128357832,0.5833924941298834,0.0122346120820974,0.5744145641930756,0.0147644848076603
186,0.8344044084510776,0.018013277128144,0.7614824952062844,0.0231392912745856,0.8806383594447242,0.0161892284187856,0.8750692548312701,0.0163723274003065,0.8080285899848899,0.0158198768385244,0.5909451793335629,0.0216881743357338,0.5247472806157163,0.0094221509501992
187,,,,,,,,,,,0.7846096096096096,0.0681870629344577,,
188,0.7175495557074505,0.0422379106125569,0.623838004101162,0.0665689663693876,0.7734962406015038,0.0365404028560128,0.7564935064935066,0.0348241186513667,0.6796650717703349,0.0589050760442961,0.7175495557074505,0.0422379106125569,0.6549555707450445,0.0329695807557943
189,0.65,0.2273030282830976,0.51,0.2503331114069145,0.625,0.2288255036290996,0.675,0.20172864061517,0.5900000000000001,0.2525426256650108,0.54,0.2389793110524656,0.625,0.2983752298328026
190,0.585,0.1292069829554287,0.3399999999999999,0.2726414006223804,0.72,0.2299758441421378,0.6599999999999999,0.1837873166945363,0.38,0.1686548085423135,0.6950000000000001,0.2140223248998934,0.5900000000000001,0.201108041719978
191,1.0,0.0,1.0,0.0,0.8999999999999998,0.1312092340712395,0.7935483870967742,0.2225572685246495,0.8806451612903224,0.1426910485809344,0.6580645161290324,0.2041312253777941,0.5870967741935484,0.1135923668494129
192,0.4485979194934419,0.0868192325158893,0.4637946630483943,0.0745496519077805,0.5590230664857531,0.0886904786743475,0.5121890547263682,0.0796693080767345,0.497105382180009,0.0633769744354407,0.5044097693351425,0.0669547791801011,0.5014699231117141,0.0966412118192589
193,0.5121438263229308,0.0796674964545798,0.5361374943464495,0.0404412635600267,0.5273857982813207,0.110010670543714,0.4850067842605156,0.0849599403505101,0.5243102668475803,0.056593592952877,0.4834011759384894,0.0267857558675448,0.4923563998190864,0.0881078372408113
194,0.4909543193125282,0.0648243980255926,0.5073496155585707,0.0621952447704899,0.5286974219810041,0.0876602646313034,0.5030529172320216,0.0812926120016596,0.4954093170511081,0.0753168016759956,0.5481456354590681,0.0595862592418648,0.53322026232474,0.0471074864950323
195,0.4682270465852555,0.0512808293114668,0.515083672546359,0.0606007209065386,0.5500226142017187,0.0867819675845045,0.5076436001809137,0.0584119767054987,0.5002261420171867,0.0708874969579281,0.5013568521031206,0.0720710189676265,0.4879014020805064,0.0708108438882729
196,,,,,,,,,,,,,,
197,0.8806595365418894,0.0535377110672473,0.8046345811051694,0.1476824674016414,0.9672014260249556,0.0261566165266383,0.6620320855614972,0.1615505048207688,0.9283422459893046,0.0477457412553101,0.5744206773618539,0.0120623066254674,0.5744206773618539,0.0120623066254674
198,0.7782387052731722,0.0298321222804221,0.6631138659520542,0.0623479192585404,0.8465563156786278,0.0257204536869817,0.7487802929620834,0.0380809912515531,0.6378087394787105,0.0185319971801824,0.6910657094925815,0.000391939150304,0.691005468528726,0.0002055563104262
199,0.8699999999999999,0.1888562063228706,0.8533333333333333,0.1458902005526209,0.8333333333333334,0.2211083193570266,0.85,0.1557538418764021,0.8366666666666667,0.1759980359037432,0.5666666666666667,0.0608580619450184,0.6566666666666665,0.0916919157145678
200,,,,,,,,,,,0.6970936690114773,0.0411137727886582,,
201,0.9241666666666668,0.1175364403698479,0.91875,0.1142988893695433,0.93625,0.126443059209362,0.7425,0.2830390628713837,0.9625,0.0671854812358212,0.60125,0.0285348227804398,0.8116666666666668,0.1689290887829477
202,0.7476190476190476,0.1502496452850696,0.7071428571428571,0.1966749296853624,0.6857142857142857,0.177039282458396,0.7333333333333334,0.128855261857793,0.4666666666666667,0.1817442988757758,0.6738095238095239,0.084029593222644,0.6690476190476191,0.1211195362065692
203,0.618421052631579,0.0434896675657562,0.628421052631579,0.037025441911241,0.7210526315789473,0.0575615077772734,0.6605263157894736,0.0645795169098454,0.5665789473684212,0.1102966843194675,0.6442105263157896,0.0167725170564451,0.6542105263157895,0.0292304078591698
204,0.7022418902274495,0.0070933953828733,0.6067015821298686,0.0108891802599615,0.8356556611528374,0.0056109372415667,0.8658753189040317,0.0037454205829422,0.825206151793866,0.0058765578148054,0.5036546059021346,0.0067446349485055,0.5007845598817464,0.0066443851469613
205,0.673,0.0380204623269569,0.612,0.0274064063881259,0.841,0.0292308816911916,0.86,0.0336650164612069,0.728,0.0345768066130398,0.499,0.0196920739836559,0.499,0.0299814757623584
206,0.692,0.0633859430613584,0.6020000000000001,0.0571158666416103,0.807,0.046200048100023,0.8560000000000001,0.0323865541373096,0.6540000000000001,0.0579655069847577,0.478,0.020976176963403,0.485,0.0254950975679639
207,0.7,0.0301846171271247,0.611,0.0414862761779255,0.8450000000000001,0.038944404818493,0.876,0.0435124503255485,0.852,0.0335989417822777,0.7,0.0301846171271247,0.6039999999999999,0.0474224513167432
208,0.6799999999999999,0.0394405318873307,0.602,0.0475628239512985,0.8089999999999999,0.0338132124077753,0.8470000000000001,0.0349761823721991,0.629,0.0591514064827615,0.5039999999999999,0.0117378779077726,0.507,0.0105934990547138
209,0.4800000000000001,0.0788810637746615,0.54,0.1429840705968481,0.8399999999999999,0.1349897115421106,0.8400000000000001,0.1349897115421106,0.7,0.105409255338946,0.45,0.097182531580755,0.51,0.0875595035770913
210,0.58,0.1686548085423136,0.67,0.105934990547138,0.78,0.1032795558988644,0.73,0.1766981104093143,0.63,0.170293863659264,0.62,0.1686548085423136,0.5,0.0942809041582063
211,0.6300000000000001,0.1567021236472421,0.5399999999999999,0.1505545305418162,0.82,0.1475729574745243,0.86,0.1349897115421105,0.85,0.1581138830084189,0.72,0.1398411797560202,0.55,0.1581138830084189
212,0.5000000000000001,0.1763834207376393,0.4599999999999999,0.1776388345929896,0.6599999999999999,0.06992058987801,0.73,0.1251665557034572,0.6699999999999999,0.0823272602348564,0.5599999999999999,0.06992058987801,0.56,0.0843274042711567
213,0.728,0.090037029419382,0.6119999999999999,0.0905293077160957,0.804,0.1023284472231994,0.8400000000000001,0.0979795897113271,0.716,0.122854927997754,0.424,0.0983418075444574,0.508,0.0534997403939703
214,0.644,0.0440201973845844,0.6,0.04618802153517,0.808,0.0526624470883506,0.8240000000000001,0.0804432166879912,0.588,0.0865126837200444,0.644,0.0440201973845844,0.4679999999999999,0.056725459696487
215,0.6639999999999999,0.0782020175926143,0.5440000000000002,0.0782020175926143,0.792,0.074951836386961,0.8400000000000001,0.077746025264604,0.8160000000000001,0.0782020175926142,0.532,0.0801110340575989,0.532,0.0801110340575989
216,0.6639999999999999,0.068507907086214,0.6039999999999999,0.1040512694140089,0.776,0.0782020175926142,0.744,0.068507907086214,0.5840000000000002,0.1322623655214639,0.5599999999999999,0.0942809041582063,0.54,0.0282842712474619
217,0.6639999999999999,0.0469515116310906,0.568,0.0454116969758037,0.8380000000000001,0.055337349251859,0.8480000000000001,0.0619677335393186,0.744,0.0571936282387392,0.508,0.0214993539954628,0.5139999999999999,0.0558171618371586
218,0.6559999999999999,0.0488080139139283,0.6479999999999999,0.0957775199790291,0.792,0.0342539535431069,0.82,0.0452155332208351,0.63,0.0575422550054402,0.522,0.0239443799947573,0.5,0.0249443825784929
219,0.736,0.0609553570701997,0.6359999999999999,0.0440201973845844,0.8280000000000001,0.0687669171105473,0.8380000000000001,0.0656251984123984,0.8140000000000001,0.0558171618371586,0.568,0.0342539535431069,0.5539999999999999,0.0859198593005262
220,0.714,0.0533749837366615,0.636,0.0665331997326647,0.834,0.050815570667092,0.8,0.0659966329107444,0.63,0.0939266853573691,0.476,0.0497102716861526,0.4939999999999999,0.047187568984497
221,0.7380000000000001,0.0370585122924994,0.6990000000000001,0.0497661196665629,0.6859999999999999,0.0485798312059644,0.6890000000000001,0.0401248052954777,0.719,0.0334829973435938,0.605,0.0483620604284897,0.563,0.0067494855771054
222,0.688,0.0315524255098646,0.6950000000000001,0.044783429475148,0.649,0.036040101122068,0.6410000000000001,0.041217579852399,0.612,0.0311982905514602,0.5640000000000001,0.0499332888295306,0.554,0.0096609178307929
223,0.6950000000000001,0.0365908306668335,0.6990000000000001,0.0438304815295373,0.633,0.0473872931866292,0.6539999999999999,0.0525357021462547,0.868,0.0367574633389072,0.6950000000000001,0.0365908306668335,0.5449999999999999,0.0343996124009171
224,0.7240000000000001,0.053166405433005,0.695,0.0365908306668335,0.649,0.0515213008807468,0.675,0.0395108986370989,0.5740000000000001,0.0377712412645741,0.526,0.0459951688284275,0.5519999999999999,0.0239443799947572
225,0.73,0.1636391694484477,0.76,0.107496769977314,0.6599999999999999,0.1173787790777267,0.7099999999999999,0.1100504934614612,0.67,0.170293863659264,0.61,0.0994428926011753,0.5,0.1154700538379251
226,0.77,0.1159501808728405,0.72,0.1032795558988644,0.64,0.1429840705968481,0.7,0.1154700538379251,0.6000000000000001,0.1490711984999859,0.5399999999999999,0.0843274042711567,0.5,0.0816496580927726
227,0.76,0.1173787790777267,0.7,0.1154700538379251,0.66,0.2170509412813294,0.76,0.107496769977314,0.7299999999999999,0.1337493509849258,0.6599999999999999,0.0966091783079295,0.5599999999999999,0.1646545204697129
228,0.6499999999999999,0.0849836585598797,0.72,0.0788810637746615,0.6,0.1054092553389459,0.55,0.1957890020745121,0.59,0.1370320319406297,0.5599999999999999,0.0516397779494322,0.51,0.0875595035770913
229,0.74,0.1019803902718556,0.728,0.0957775199790291,0.688,0.090037029419382,0.692,0.0731512891965077,0.732,0.0823002632640584,0.74,0.1019803902718556,0.528,0.0880403947691689
230,0.66,0.090921211313239,0.7,0.1054092553389459,0.612,0.1237201142363951,0.6359999999999999,0.1057460269807912,0.5640000000000001,0.0987927122818277,0.5720000000000001,0.0193218356615858,0.5199999999999999,0.1162373051610846
231,0.752,0.1112354859446091,0.776,0.1349238468338508,0.6679999999999999,0.0962404396406324,0.696,0.0735149266778145,0.8520000000000001,0.0801110340575989,0.5640000000000001,0.0665331997326648,0.5600000000000002,0.0679869268479038
232,0.756,0.0969765149118303,0.724,0.089343283028005,0.6199999999999999,0.1070825226947267,0.648,0.1011928851253881,0.6120000000000001,0.0885437744847146,0.5599999999999999,0.0843274042711567,0.5120000000000001,0.0674619234169254
233,0.724,0.0658618081878851,0.724,0.0497102716861526,0.654,0.0516827931821714,0.6639999999999999,0.0758946638440411,0.722,0.0511642236115996,0.548,0.0103279555898864,0.538,0.0257336787541584
234,0.6759999999999999,0.0539958846168442,0.6240000000000001,0.0716782936304832,0.6619999999999999,0.0493963561409138,0.67,0.0641179468722378,0.6100000000000001,0.0641179468722378,0.534,0.0096609178307929,0.524,0.0245854518861143
235,0.75,0.0316227766016838,0.698,0.0345768066130398,0.66,0.0639444203108362,0.714,0.0566078125742767,0.8300000000000001,0.0391578004149024,0.71,0.046427960923947,0.53,0.0343187671366233
236,0.724,0.027968235951204,0.718,0.0635609943282828,0.6180000000000001,0.0520256347070044,0.6319999999999999,0.0526624470883506,0.5660000000000001,0.0573875712444195,0.5120000000000001,0.0719258877827262,0.518,0.0220100986922922
237,0.783,0.05056349144063,0.741,0.05425249610233,0.7230000000000001,0.0449814776695178,0.796,0.0403319558993444,0.774,0.0347051068928543,0.58,0.0,0.5770000000000001,0.0105934990547137
238,0.779,0.0443345864484552,0.75,0.0355902608401044,0.6709999999999999,0.0783794190673376,0.784,0.054609726443393,0.6340000000000001,0.039496835316263,0.557,0.0156702123647241,0.5600000000000002,0.0066666666666666
239,0.7989999999999999,0.0341402336775183,0.766,0.0416866618689693,0.739,0.036040101122068,0.8240000000000001,0.0306231575409489,0.8859999999999999,0.0217050941281329,0.572,0.0293636207273936,0.581,0.0420185144377517
240,0.788,0.0436653943835008,0.736,0.0414192655120242,0.698,0.035213633723318,0.7630000000000001,0.0490011337737313,0.579,0.0440832545682976,0.582,0.0042163702135578,0.5729999999999998,0.0200277585143997
241,0.74,0.0966091783079296,0.6799999999999999,0.1135292424395093,0.7,0.2108185106778919,0.7100000000000001,0.1523883926754994,0.65,0.135400640077266,0.48,0.1135292424395093,0.6,0.1154700538379251
242,0.7699999999999999,0.1494434118097326,0.76,0.171269767715535,0.71,0.1100504934614612,0.78,0.1135292424395093,0.53,0.1766981104093143,0.47,0.1567021236472421,0.54,0.0966091783079295
243,0.7500000000000001,0.1269295517643985,0.6799999999999999,0.0632455532033676,0.6599999999999999,0.1577621275493231,0.8,0.1154700538379251,0.8300000000000001,0.0948683298050513,0.78,0.0918936583472681,0.53,0.1251665557034572
244,0.8200000000000001,0.1316561177208766,0.82,0.1229272594305718,0.63,0.170293863659264,0.74,0.1264911064067352,0.6599999999999999,0.1429840705968481,0.56,0.0966091783079295,0.5,0.0666666666666666
245,0.8240000000000001,0.0658618081878851,0.796,0.0787682959346236,0.788,0.0755424825291482,0.8440000000000001,0.0691536132260796,0.76,0.082192186706253,0.6359999999999999,0.0126491106406735,0.6439999999999999,0.0609553570701998
246,0.784,0.0908233939516074,0.704,0.0908233939516074,0.692,0.0844327477279336,0.764,0.0548128127762519,0.584,0.068507907086214,0.548,0.0193218356615859,0.5400000000000001,0.0966091783079296
247,0.772,0.0755424825291482,0.768,0.1011928851253881,0.7,0.0573488351136174,0.8160000000000001,0.0735149266778145,0.8240000000000001,0.0658618081878851,0.6279999999999999,0.0823002632640584,0.5880000000000001,0.0801110340575989
248,0.776,0.0804432166879912,0.716,0.1023284472231994,0.6759999999999999,0.0913114328974076,0.696,0.0631048510197292,0.5720000000000001,0.1320605921537534,0.508,0.0654556677793791,0.568,0.0919903376568551
249,0.7980000000000002,0.0569209978830308,0.7459999999999999,0.0400555170287994,0.732,0.056725459696487,0.8160000000000001,0.0459951688284275,0.708,0.0619677335393186,0.5720000000000001,0.0103279555898863,0.5740000000000001,0.0267498701969851
250,0.7420000000000001,0.054528280124476,0.6900000000000001,0.0402768199119819,0.618,0.068928304136335,0.7,0.0421637021355783,0.63,0.0849836585598797,0.6060000000000001,0.0189736659610102,0.6020000000000001,0.0358391468152416
251,0.792,0.0543241300999023,0.7579999999999999,0.0682804673550366,0.706,0.0452646538580478,0.794,0.0313404247294484,0.8939999999999999,0.0365756445982538,0.792,0.0543241300999023,0.5900000000000001,0.0801387685344754
252,0.798,0.0642564307201146,0.766,0.0525357021462547,0.698,0.0662989860824097,0.7979999999999999,0.054528280124476,0.5940000000000001,0.0952423808559567,0.5879999999999999,0.013984117975602,0.5899999999999999,0.0105409255338946
253,0.7060000000000001,0.0518973345494095,0.6910000000000001,0.0344641520681675,0.6679999999999999,0.0444222166638871,0.6619999999999999,0.035213633723318,0.757,0.0316403399335581,0.5680000000000001,0.0091893658347267,0.5640000000000001,0.0069920589878009
254,0.705,0.044783429475148,0.6990000000000001,0.0495423500093046,0.671,0.0627959659001542,0.665,0.0514781507049349,0.6050000000000001,0.0435252161906686,0.5530000000000002,0.0125166555703457,0.558,0.0091893658347267
255,0.7080000000000001,0.0454116969758037,0.6819999999999999,0.0528730134903956,0.655,0.0259272486435067,0.6579999999999999,0.0335989417822777,0.8800000000000001,0.0333333333333333,0.6990000000000001,0.0276686746259294,0.5630000000000001,0.0048304589153964
256,0.71,0.023094010767585,0.7110000000000001,0.0493175650475793,0.675,0.044284434185288,0.679,0.0548634668973808,0.604,0.0437670601657862,0.5549999999999999,0.0052704627669473,0.5549999999999999,0.0227303028283097
257,0.51,0.0875595035770913,0.71,0.1595131481867386,0.5800000000000001,0.1475729574745243,0.6199999999999999,0.1686548085423136,0.51,0.1370320319406297,0.5899999999999999,0.0316227766016837,0.5999999999999999,1.1702778228589004e-16
258,0.47,0.1159501808728405,0.67,0.105934990547138,0.53,0.1418136492412176,0.52,0.1751190071541826,0.5700000000000001,0.2311805451253293,0.54,0.0843274042711567,0.5,0.0942809041582063
259,0.6199999999999999,0.0632455532033675,0.75,0.1178511301977579,0.64,0.1173787790777267,0.65,0.1178511301977579,0.85,0.1715938356831166,0.67,0.1159501808728405,0.5799999999999998,0.0632455532033675
260,0.78,0.1932183566158591,0.76,0.1429840705968481,0.54,0.1429840705968481,0.6,0.1154700538379251,0.6,0.1414213562373095,0.58,0.0788810637746615,0.6299999999999999,0.0823272602348564
261,0.6799999999999999,0.1207384685084988,0.74,0.0805536398239638,0.6719999999999999,0.070047602861673,0.6519999999999999,0.0731512891965077,0.6479999999999999,0.0859974159818512,0.528,0.0647731082746193,0.5160000000000001,0.0579655069847577
262,0.724,0.0691536132260796,0.744,0.0539958846168442,0.636,0.1040512694140089,0.6839999999999999,0.0873307887670016,0.572,0.0998665776590613,0.5120000000000001,0.1011928851253881,0.5280000000000001,0.1011928851253881
263,0.744,0.0868203765125317,0.748,0.0865126837200444,0.6759999999999999,0.122854927997754,0.744,0.1134509193929741,0.8200000000000001,0.0507718207057593,0.744,0.0868203765125317,0.5640000000000001,0.0126491106406734
264,0.696,0.0946572765295938,0.6839999999999999,0.0716782936304832,0.58,0.090921211313239,0.62,0.0659966329107444,0.532,0.0801110340575989,0.568,0.0168654808542313,0.5519999999999999,0.0454116969758037
265,0.686,0.0800277729569206,0.7060000000000001,0.0516827931821714,0.6359999999999999,0.0631048510197292,0.6140000000000001,0.0632806798671162,0.724,0.0556177429723045,0.6679999999999999,0.0706792441637257,0.5340000000000001,0.0283627298482435
266,0.71,0.0454606056566194,0.71,0.0559761854124888,0.6199999999999999,0.0603692342542494,0.6559999999999999,0.0651835016617616,0.628,0.074951836386961,0.526,0.0400555170287994,0.5760000000000001,0.0350238014308365
267,0.698,0.0911409165340499,0.684,0.0722956891292051,0.6679999999999999,0.0619677335393186,0.63,0.0501109879279096,0.8700000000000001,0.0674948557710552,0.604,0.0665331997326647,0.5059999999999999,0.0432563418600222
268,0.6100000000000001,0.0473755680118396,0.712,0.0667998669326685,0.6359999999999999,0.053166405433005,0.648,0.0731512891965077,0.5500000000000002,0.0355902608401043,0.5640000000000001,0.0084327404271156,0.5580000000000002,0.0147572957474524
269,0.716,0.0283627298482435,0.7140000000000001,0.0386436713231718,0.6420000000000001,0.0373571352696583,0.657,0.0490011337737313,0.742,0.0418462795372672,0.5600000000000002,1.1702778228589004e-16,0.553,0.0156702123647242
270,0.704,0.040879225911349,0.765,0.0460072458061408,0.6609999999999999,0.0354181372243719,0.65,0.0498887651569858,0.53,0.0579271573232758,0.546,0.0177638834592989,0.5650000000000001,0.0052704627669472
271,0.6769999999999999,0.0686456278449124,0.7070000000000001,0.0333499958354153,0.6399999999999999,0.0362092683040007,0.624,0.0389301368550838,0.6220000000000001,0.0482585628556102,0.538,0.0278088714861522,0.552,0.0122927259430571
272,0.709,0.0347850542618521,0.7299999999999999,0.0413655788199695,0.655,0.0587367006223536,0.6849999999999998,0.0485912657903775,0.5449999999999999,0.0604152298679728,0.5600000000000002,1.1702778228589004e-16,0.5449999999999999,0.0190029237516523
273,0.75,0.135400640077266,0.75,0.097182531580755,0.68,0.1932183566158592,0.6900000000000002,0.1728840330651992,0.6199999999999999,0.1135292424395093,0.52,0.1032795558988644,0.49,0.1197218999737864
274,0.78,0.1316561177208766,0.6599999999999999,0.171269767715535,0.5700000000000001,0.1159501808728405,0.61,0.1728840330651992,0.5,0.1699673171197595,0.54,0.0516397779494322,0.53,0.1418136492412176
275,0.63,0.1766981104093143,0.6199999999999999,0.1032795558988644,0.71,0.1791957340762081,0.7,0.1763834207376393,0.6,0.2054804667656325,0.4599999999999999,0.1429840705968481,0.45,0.1080123449734643
276,0.68,0.1229272594305718,0.74,0.107496769977314,0.43,0.105934990547138,0.4700000000000001,0.1567021236472421,0.54,0.1264911064067351,0.57,0.0948683298050513,0.4,0.1333333333333333
277,0.596,0.0638052592746954,0.632,0.070047602861673,0.624,0.1150072461485217,0.624,0.1150072461485217,0.6719999999999999,0.0526624470883506,0.456,0.0868203765125317,0.4960000000000001,0.068507907086214
278,0.6679999999999999,0.0755424825291482,0.7,0.0889444270941755,0.5920000000000002,0.0590291829898097,0.652,0.0731512891965077,0.5879999999999999,0.094375137968994,0.556,0.0126491106406735,0.5440000000000002,0.050596442562694
279,0.752,0.0919903376568551,0.78,0.090921211313239,0.5879999999999999,0.1132156251485534,0.688,0.0939030232621813,0.62,0.1037089945740269,0.5440000000000002,0.0571936282387392,0.54,0.0432049379893857
280,0.736,0.0804432166879912,0.692,0.1084025419956151,0.592,0.1029347150166335,0.6239999999999999,0.1018931902642282,0.532,0.0885437744847146,0.5,0.0711805216802087,0.5200000000000001,0.0565685424949238
281,0.65,0.0755718936583642,0.7459999999999999,0.0327278338896895,0.6559999999999999,0.0678560567999971,0.656,0.0782020175926142,0.784,0.0741170245849989,0.558,0.019888578520235,0.546,0.0432563418600222
282,0.7460000000000001,0.0618600571181975,0.752,0.0619677335393186,0.6260000000000001,0.0452646538580478,0.6859999999999999,0.0462361090250658,0.53,0.0316227766016837,0.526,0.0742667863553793,0.548,0.0269979423084221
283,0.7460000000000001,0.0718331399842718,0.73,0.0286744175568087,0.6699999999999999,0.0590668171555644,0.6699999999999999,0.0767390962214756,0.612,0.073756355658343,0.5680000000000002,0.0103279555898863,0.5640000000000001,0.0183787316694536
284,0.6519999999999999,0.0784290195725479,0.69,0.0767390962214756,0.644,0.0602218122167264,0.6180000000000001,0.054528280124476,0.554,0.0604060335470629,0.5279999999999999,0.0103279555898864,0.506,0.0365756445982538
285,0.566025641025641,0.1242645836744698,0.5474358974358975,0.1693354161469556,0.6461538461538461,0.1000766745279415,0.5980769230769231,0.0931903235791967,0.5461538461538462,0.0785557968726387,0.6076923076923076,0.0261348458998643,0.6076923076923076,0.0261348458998643
286,0.7151515151515151,0.082492494003493,0.5878787878787877,0.1399272479939124,0.6545454545454544,0.0603150437594583,0.5941558441558442,0.1139525823116529,0.8268398268398268,0.0696612589598921,0.6160173160173159,0.080467225877014,0.645021645021645,0.0197854389621963
287,0.7025,0.1133660083616418,0.5358333333333333,0.1418190901147925,0.5595833333333333,0.1991692817122604,0.4079166666666666,0.1080917891263865,0.645,0.1344685469671506,0.6837500000000001,0.0202654071855233,0.6212500000000001,0.1973635057325992
288,0.7094623655913979,0.044706132127098,0.403010752688172,0.2467870386549245,0.741720430107527,0.0395884585814013,0.6205376344086021,0.0996718063528602,0.6776344086021505,0.133506458690756,0.735268817204301,0.0099561608920238,0.735268817204301,0.0099561608920238
289,0.5164835164835165,0.0933886357800876,0.5725274725274725,0.1784337780726913,0.6203296703296705,0.2136578573100913,0.6126373626373626,0.2121579657438882,0.7956043956043956,0.0885129041900704,0.5917582417582418,0.1028270439039086,0.6137362637362637,0.0171907692751023
290,,,,,,,,,,,0.5189247311827956,0.0643969428755608,,
291,,,,,,,,,,,0.6395402298850574,0.0143071516233006,,
292,0.7185185185185186,0.0959474529764219,0.3296296296296296,0.1741134707191579,0.8407407407407408,0.0429445114343853,0.8407407407407407,0.0429445114343854,0.5814814814814815,0.0856224241204923,0.7518518518518518,0.1271664867340058,0.5851851851851851,0.0624647439045605
293,,,,,,,,,,,0.79375,0.0237536546895653,,
294,,,,,,,,,,,0.75,0.2435590024086997,,
295,0.9317829457364342,0.072340533626178,0.9111918604651164,0.0722258804075542,0.9617732558139536,0.0477760293410329,0.7838178294573643,0.1215268495590673,0.539389534883721,0.0724548254304802,0.563953488372093,0.0093362457576192,0.5624515503875969,0.0152262537279962
296,0.7331898184014752,0.011067114972535,0.6818375664202796,0.0135481801951111,0.8152207562964673,0.0066798941043165,0.7086551793082698,0.0031583956128245,0.7063282303091054,0.0078028425570242,0.7040028415340124,0.0001595477504282,0.7040028415340124,0.0001595477504282
297,0.7930560205194506,0.0061603800982971,0.6847488674892065,0.1208282921988756,0.8358497307746685,0.0061895154520544,0.7147125084897378,0.0073875756102088,0.7302050134429676,0.0039984138593303,0.7032128673412742,0.0030438543257816,0.7040028415340124,0.0001595477504282
298,0.7969019607843136,0.1108011748018812,0.7732156862745098,0.0991752998481051,0.8185098039215685,0.1247792771235968,0.7245098039215685,0.2163078585404784,0.5564705882352942,0.1707437750325779,0.5869411764705882,0.0060103716585622,0.6803529411764706,0.1643715301217421
299,0.7692307692307692,0.2432521277052599,0.7538461538461538,0.1946017021642079,0.8692307692307691,0.1987799737775826,0.6846153846153846,0.2065654775499777,0.7615384615384615,0.1793039357645855,0.4615384615384615,0.0,0.5076923076923077,0.0537850691369308
300,,,,,,,,,,,0.6395402298850574,0.0143071516233006,,
301,0.5142857142857143,0.1204677203873668,0.5285714285714286,0.1656431155326294,0.7285714285714284,0.1054092553389459,0.7571428571428571,0.0964212225300789,0.6428571428571428,0.1214052265141139,0.7142857142857143,0.1346870059402947,0.7142857142857143,0.1505846504842085
302,0.575,0.1440700275543326,0.5666666666666667,0.2317405957179356,0.5916666666666666,0.177647521725772,0.5416666666666666,0.1583576979304358,0.5666666666666667,0.2317405957179356,0.6083333333333334,0.118178041034348,0.5416666666666666,0.1583576979304358
303,0.5428571428571429,0.1312766547818116,0.5142857142857142,0.1676839701110381,0.7714285714285714,0.1204677203873668,0.7714285714285715,0.1204677203873668,0.5999999999999999,0.0602338601936834,0.5,0.1214052265141139,0.7142857142857143,0.1505846504842085
304,0.53,0.3675746333890726,0.5900000000000001,0.3494440028260767,0.74,0.1744833643773653,0.805,0.2576065044037341,0.5,0.1732050807568877,0.64,0.1760681686165901,0.5700000000000001,0.1567021236472421
305,,,,,,,,,,,0.9228530728530728,0.0007819987945708,,
306,0.8204761904761906,0.0647513997082096,0.7833333333333333,0.0609511408604008,0.8576984126984127,0.0611724079308922,0.8803174603174604,0.0568688314981832,0.8461904761904762,0.0468751417231417,0.7293650793650793,0.0661830531409186,0.7377777777777778,0.0674631185226133
307,1.0,0.0,1.0,0.0,1.0,0.0,1.0,0.0,1.0,0.0,1.0,0.0,0.9,0.1143958904554111
308,,,,,,,,,,,0.786,0.0481202198203162,,
309,,,,,,,,,,,0.6496267445634535,0.0056538970595927,,
311,0.9757798180052102,0.0080027733938181,0.9757798180052102,0.0080027733938181,0.9776316698570622,0.0071417705690425,0.6438232317690236,0.0087075084105855,0.822768856863008,0.0170348321585332,0.6304316991192882,0.0007086456689524,0.6512294199170091,0.0439425682490611
312,0.8943220193769946,0.0004035566446368,0.7500374831325904,0.1253998146747788,0.8844377173129235,0.0052628826723248,0.3974638198524949,0.0136501088604628,0.8295265344880519,0.0103743310140952,0.8943220193769946,0.0004035566446368,0.8943220193769946,0.0004035566446368
313,0.9357757496740546,0.0004628810533363,0.9000405194672393,0.0163297783645014,0.9286521205613928,0.0050137068669795,0.3679354244957435,0.0131124859317695,0.8914507758774958,0.0061441141308004,0.9357757496740546,0.0004628810533363,0.9357757496740546,0.0004628810533363
314,0.8475136252129885,0.0624177007061004,0.8356609990614414,0.0323526687809498,0.9389667999983888,0.0361864988503183,0.953821605378384,0.0242628101852877,0.8703918985873281,0.0591189409749572,0.8475136252129885,0.0624177007061004,0.8379681212311633,0.0004996348415236
315,0.9766666666666666,0.0210818510677891,0.965,0.0493475955360054,0.9983333333333334,0.0052704627669473,0.1666666666666666,2.925694557147251e-17,1.0,0.0,0.8333333333333334,0.0,0.8333333333333334,0.0
316,0.6142857142857143,0.1602064286264525,0.5107142857142858,0.2328590904583076,0.5928571428571427,0.0874007373475126,0.5660714285714286,0.1952616855666777,0.6178571428571428,0.2070881153720432,0.5517857142857143,0.1513942196735625,0.5517857142857143,0.1513942196735625
317,0.6945797968968701,0.0186010599957763,0.5919177164299114,0.0226754075277801,0.7324180291253463,0.0182076314494139,0.7360816283987016,0.017510467913683,0.8077398076178565,0.0121614620667089,0.6945797968968701,0.0186010599957763,0.5421103963786891,0.0249881767312787
318,0.4896346003134796,0.1272262257251693,0.5222159090909091,0.0010062855633715,0.8901293103448277,0.0748420489267111,0.6130505485893416,0.099439027651531,0.760039184952978,0.0777666727141125,0.5222159090909091,0.0010062855633715,0.5138068181818183,0.0480197285872988
319,,,,,,,,,,,0.6466666666666665,0.0322030594359765,,
320,0.95935,0.0002415229457698,0.95295,0.0188317845970877,0.9677,0.0021239376429432,0.9731,0.0021576736443576,0.9987,0.000752772652709,0.95935,0.0002415229457698,0.95935,0.0002415229457698
321,0.6150420168067227,0.076520796970667,0.5505042016806722,0.1066395420752945,0.6899159663865546,0.0648203723552164,0.5476470588235294,0.0820790907832116,0.6342857142857143,0.0728698442550767,0.553361344537815,0.081185391541021,0.5945378151260503,0.050156875572745
322,0.8368421052631578,0.2239162882756068,0.4763157894736841,0.0083217833162325,0.8368421052631578,0.2126356319456236,0.8105263157894737,0.2249448480677137,0.5508771929824561,0.1300298676929805,0.5973684210526315,0.0785075467904015,0.5078947368421052,0.0496990016639133
323,0.875,0.1631575017287601,0.875,0.1631575017287601,0.7083333333333333,0.2919971672448422,0.875,0.1631575017287601,0.6333333333333333,0.2330686329267003,0.7166666666666667,0.1054092553389459,0.7166666666666667,0.1054092553389459
324,0.7486111111111111,0.1123484347104711,0.6430555555555555,0.1226720817600608,0.7583333333333333,0.135641037609111,0.711111111111111,0.1707071952263806,0.611111111111111,0.1405761708397127,0.5305555555555556,0.1680498162472685,0.5305555555555556,0.1680498162472685
325,0.7966666666666666,0.0791122958458004,0.4857142857142857,0.1129552182517917,0.8709523809523809,0.0606693993221405,0.6761904761904762,0.1316790803298802,0.8428571428571429,0.1046415855482508,0.5680952380952381,0.0600684081346651,0.5609523809523809,0.0440915696646772
326,0.8373809523809523,0.1032359402535779,0.8088095238095239,0.1000381005774568,0.9142857142857144,0.0771108431840706,0.9428571428571428,0.0737711113563317,0.8571428571428571,0.1028688999747279,0.8802380952380953,0.1036864592616372,0.8666666666666668,0.1631140644909857
327,0.4928571428571429,0.0817498843290037,0.5095238095238095,0.1855174645547553,0.6904761904761905,0.1374643498070537,0.6595238095238096,0.2153266896377343,0.4904761904761905,0.2014685314410112,0.6428571428571429,0.191136421885592,0.6428571428571429,0.191136421885592
328,,,,,,,,,,,0.8977503628447024,0.0094568835707989,,
329,0.977,0.0131656117720876,0.8465,0.0838997417556613,0.989,0.0162958754154404,0.95,0.1152774431052705,0.9714999999999998,0.0590691684947965,0.8625,0.1185854122563142,0.9425,0.0387477597918755
330,0.978,0.0133749350984925,0.9655,0.0149907378811792,0.9985,0.0024152294576982,0.993,0.0088819417296494,1.0,0.0,0.9,0.0,0.8965000000000002,0.0110679718105893
331,0.899,0.1007968253468332,0.8204999999999998,0.1210245613272134,0.9805,0.0230277610239853,0.9825000000000002,0.0228825503629099,0.989,0.0246981780704569,0.9,0.0,0.9,0.0
332,0.9535,0.0804173143324523,0.937,0.091232304220234,0.9645,0.1070163538904218,0.9985,0.0024152294576982,0.9515,0.0806931774618455,0.9,0.0,0.858,0.1328156617270719
334,0.976,0.0164654520469712,0.9675,0.0185965946703511,0.9835,0.0316271683490282,0.9225,0.1668707084342046,0.99,0.01,0.9,0.0,0.9,0.0
335,0.68,0.0389956556173222,0.3845454545454545,0.1658132419962409,0.6518181818181817,0.0926153017759412,0.3399999999999999,0.0680571250357808,0.6336363636363637,0.1919906831225852,0.68,0.0389956556173222,0.68,0.0389956556173222
336,0.4410064935064935,0.0665807075697654,0.4874350649350649,0.0321423287667738,0.4337987012987012,0.0632854035791719,0.435551948051948,0.052644646357703,0.4588636363636363,0.0309539134727924,0.4981493506493506,0.0268647114427278,0.4821753246753246,0.038609358551949
337,0.4659562841530055,0.0400109639553739,0.5058743169398907,0.0282922144996808,0.4709562841530055,0.04521012675125,0.4709289617486339,0.0348839094292753,0.6786338797814208,0.1179980525248908,0.4958743169398907,0.0088959499709762,0.51724043715847,0.0912219619695071
338,0.4658441558441558,0.0248888573483109,0.5071753246753247,0.024499281835231,0.4891233766233767,0.0311343341143321,0.494448051948052,0.0395294189321563,0.4819480519480519,0.0357123835253634,0.4803246753246754,0.0410822852945998,0.4748051948051948,0.0253672820261671
339,0.9508620689655172,0.1036117801105264,0.9508620689655172,0.1036117801105264,0.9516009852216748,0.129213284917442,0.7860837438423646,0.1959414692301116,0.7599753694581282,0.1014571222775414,0.5701970443349753,0.1304631027133475,0.5917487684729064,0.1317871458743186
340,0.8868209938257017,0.1584729904436698,0.88030192863505,0.1730309050127703,0.9937193633020074,0.0181503962113562,0.9147033428462364,0.0903945359082384,0.968634534867516,0.0987543535938328,0.7696320263695247,0.1700038414695617,0.535822896406304,0.0976600769097241
341,0.8084283817186482,0.0064322072006047,0.7456094806958203,0.0062050934866665,0.9524870964069242,0.0030423156475623,0.7954033349195793,0.0030013703394428,0.7903258916976755,0.0067597353892812,0.6507800707335701,0.0063680456585786,0.5965708444147897,9.07105009191922e-05
342,0.4642857142857142,0.1398492871960801,0.65,0.2270035511724386,0.5999999999999999,0.1723520101986081,0.5285714285714287,0.1586507737995969,0.5714285714285714,0.1467717619754518,0.6285714285714286,0.2070196678027062,0.5357142857142858,0.2082482819587607
343,0.5700000000000001,0.0501109879279096,0.532,0.0674619234169254,0.578,0.0584617633823833,0.564,0.050596442562694,0.5599999999999999,0.1062491830033948,0.532,0.0367574633389072,0.496,0.0374759181934805
344,1.0,0.0,1.0,0.0,0.6666666666666667,1.1702778228589004e-16,1.0,0.0,1.0,0.0,0.6666666666666667,1.1702778228589004e-16,0.6666666666666667,1.1702778228589004e-16
345,0.8982206405693951,0.0007502438102416,0.8795373665480428,0.018757033037359,0.9825622775800712,0.0074459572130368,0.6763345195729537,0.0414034164807945,0.9962633451957296,0.002959661909816,0.8982206405693951,0.0007502438102416,0.8982206405693951,0.0007502438102416
346,0.9314712632941458,0.0265982243540106,0.9263571037777392,0.0409606488350809,0.944265335806456,0.0204501871527746,0.887796741349631,0.0629475706694778,0.950295573733303,0.0170472775853971,0.9102893686865317,0.0205473027757245,0.9042567955270288,0.0103827499324071
347,0.65,0.2854496128592251,0.575,0.2559477666619876,0.6333333333333333,0.2698879511442471,0.925,0.1687371394276382,0.7166666666666666,0.3220305943597653,0.6166666666666667,0.1581138830084189,0.6,0.2317405957179356
348,,,,,,,,,,,0.5502903600464576,0.0056316210750191,,
349,,,,,,,,,,,0.5228601638910917,0.0143167952854327,,
350,0.8959243940772603,0.0004464453137903,0.8535292414591777,0.0407478913341461,0.9715236992307056,0.0134970632263095,0.9725240301100172,0.0117005815682113,0.997998593762925,0.0012723090726551,0.8959243940772603,0.0004464453137903,0.8959243940772603,0.0004464453137903
351,0.8213157894736843,0.0899407314849918,0.4092105263157894,0.1036220759589325,0.5897368421052631,0.1141729935363984,0.3989473684210526,0.0538199179131071,0.6681578947368421,0.0779315741882789,0.6207894736842106,0.0187501923658953,0.6207894736842106,0.0187501923658953
352,0.5778225806451613,0.0117923921566425,0.5368951612903226,0.0811367744120016,0.6158266129032259,0.0566182775596982,0.508366935483871,0.0902454552830373,0.4826612903225806,0.0918178994013684,0.596875,0.0584724730813526,0.5778225806451613,0.0117923921566425
353,0.5199999999999999,0.0312694383988228,0.58,0.0699205898780101,0.506,0.0566078125742767,0.5520000000000002,0.0500666222813829,0.5820000000000001,0.0662989860824097,0.466,0.0481202198203162,0.5199999999999999,0.0210818510677892
354,0.6639333333333333,0.0002108185106779,0.6249333333333332,0.0262921853855034,0.8727333333333332,0.0082518983973685,0.654,0.010620269462532,0.9709333333333332,0.005939613821258,0.6639333333333333,0.0002108185106779,0.6639333333333333,0.0002108185106779
355,0.5065002705627706,0.0088988540142319,0.5065171807359307,0.034078948077889,0.4815523538961039,0.0214323920208388,0.4859692911255411,0.0149810084736498,0.5083035714285714,0.0266601356851052,0.5065002705627706,0.0088988540142319,0.4999959415584415,0.0057553111926141
356,0.6166666666666667,0.2229155849748764,0.6666666666666667,0.2484519974999766,0.7499999999999999,0.22566773346211,0.75,0.1800205749557739,0.6666666666666667,0.2078698548207745,0.65,0.2539806544591658,0.6,0.1165343164633501
357,0.6888888888888889,0.0876456264162906,0.5777777777777778,0.2388817110606978,0.6222222222222222,0.0573775310549246,0.3222222222222222,0.1330243333042072,0.5333333333333334,0.2015032667960806,0.7111111111111111,0.0573775310549247,0.7111111111111111,0.0573775310549247
358,0.77825311942959,0.0752881193707184,0.77825311942959,0.0752881193707184,0.8582887700534758,0.0416708368183991,0.8139928698752227,0.0469945792949053,0.8108734402852049,0.0788374675572581,0.7522281639928698,0.0147351120233359,0.7581105169340463,0.0184874066497753
359,0.5449999999999999,0.1012422836565829,0.5449999999999999,0.0984603699182795,1.0,0.0,0.575,0.1550089603144856,0.86,0.1308094458023239,0.5,0.0,0.55,0.1247219128924647
360,0.6777056277056277,0.1222616982065755,0.5844155844155845,0.1548657223169798,0.601948051948052,0.1169786099143842,0.5493506493506494,0.2754598667969629,0.7811688311688311,0.09381978806905,0.645021645021645,0.0197854389621963,0.6307359307359306,0.0417748294690835
361,0.8440000000000001,0.0809938269252663,0.764,0.0579655069847577,0.86,0.0471404520791031,0.8440000000000001,0.0548128127762519,0.8520000000000001,0.0731512891965077,0.692,0.0755424825291482,0.692,0.0755424825291482
362,0.525,0.1622089035628492,0.625,0.2553441154284755,0.575,0.1861318396416772,0.7916666666666667,0.3315926773975923,0.75,0.2484519974999766,0.4416666666666666,0.0966251507273671,0.5833333333333333,0.1924500897298752
363,0.6404761904761905,0.1849223380260833,0.7357142857142857,0.2395326978270279,0.7071428571428571,0.1820386498599458,0.7547619047619047,0.2242116167382343,0.8547619047619047,0.1399393382596266,0.5238095238095238,0.0549857399228214,0.5071428571428571,0.0817498843290037
364,0.6553966764942375,0.0125950932210647,0.4902351171863367,0.0146568822729308,0.6456307513624586,0.0178044641922508,0.6458746538014831,0.0171158453056121,0.5513919413919414,0.0207485437651504,0.5039063104916763,0.0005152934163227,0.5034192501265672,0.0086956265283083
365,0.698729563119807,0.0197927460422025,0.5772636171416659,0.0275690651251802,0.8270264153190983,0.0076781497885616,0.8272701688555346,0.0076706552602274,0.7454845290211144,0.0159013274549623,0.6623526608892463,0.0157521876606841,0.4976809910956252,0.0078055624484784
366,0.8300000000000001,0.0948683298050513,0.4349999999999999,0.2135025370653317,0.845,0.0926462807312486,0.8350000000000002,0.0944281031614352,0.8399999999999999,0.045946829173634,0.575,0.1160699023098676,0.5349999999999999,0.1001387925719986
367,0.7,0.1668366480129033,0.7267857142857143,0.1298792610426298,0.8517857142857143,0.102079428635582,0.6410714285714285,0.2127008188089446,0.8910714285714286,0.0579860898950359,0.7178571428571427,0.1462397156102565,0.7428571428571428,0.1378589933258484
368,0.5546357755887202,0.0023380883110929,0.4999788610324271,0.0175059526562141,0.5596837610451105,0.0130103517377476,0.5555553206781381,0.0136269627235029,0.5174924956665116,0.0406866039140345,0.5546357755887202,0.0023380883110929,0.5491333023295143,0.0109085905256697
369,0.9600000000000002,0.0843274042711567,0.9600000000000002,0.0843274042711567,0.94,0.1349897115421106,0.9200000000000002,0.1398411797560202,0.66,0.1646545204697129,0.54,0.1349897115421105,0.4600000000000001,0.2988868236194652
370,0.9428571428571428,0.0737711113563317,0.911904761904762,0.0761656705651433,0.9690476190476188,0.0654942255104055,0.9404761904761904,0.0771516749810459,0.938095238095238,0.0803118135915779,0.8476190476190476,0.1750355397090822,0.8476190476190476,0.1750355397090822
371,0.95,0.1054092553389459,0.95,0.1054092553389459,0.925,0.1687371394276382,0.925,0.1687371394276382,0.95,0.1054092553389459,0.95,0.1054092553389459,0.75,0.1666666666666666
372,0.6857142857142857,0.1621846320564419,0.5285714285714286,0.1176103717640806,0.6285714285714286,0.2150779007740231,0.6857142857142857,0.1126872339638022,0.5,0.2048172682629196,0.7142857142857142,0.0952380952380952,0.6714285714285714,0.096421222530079
373,0.6266666666666666,0.1755414902945022,0.6666666666666667,0.2108185106778919,0.6866666666666666,0.2331745491479942,0.6066666666666667,0.2836272984824353,0.5466666666666666,0.214993539954628,0.6866666666666666,0.0996289412064884,0.53,0.0948683298050513
374,0.9,0.0657342198122179,0.8416666666666668,0.0614887322810518,0.9416666666666668,0.0790569415042094,0.9333333333333332,0.0765780486227234,0.9249999999999998,0.0997682499781554,0.9,0.0657342198122179,0.5083333333333334,0.0473038510164622
375,0.7300000000000001,0.2359378449224851,0.51,0.2469817807045693,0.93,0.1135292424395093,0.89,0.1663329993316619,0.595,0.2842631800911886,0.635,0.1732852497409337,0.7150000000000001,0.1856669658884482
376,0.7360398860398861,0.2897342750073613,0.3943019943019943,0.2653414486396694,0.9007122507122507,0.1324336092214436,0.6641025641025641,0.1152757234957146,0.8210826210826212,0.1533135352555924,0.6173789173789175,0.0109972986128882,0.6401709401709402,0.0356802142603602
377,0.8772156862745097,0.1158680968415925,0.8005490196078432,0.0970502097804031,0.8379607843137254,0.0960023352557467,0.8301960784313727,0.0978743712180582,0.7989411764705883,0.0830093252580598,0.5585882352941176,0.1036574437749826,0.612,0.0776609657227658
378,0.9104761904761904,0.1889462364592342,0.8352380952380953,0.1893644806334419,0.9028571428571428,0.2087431343664378,0.9033333333333332,0.2039426208338821,0.8352380952380953,0.1893644806334419,0.5561904761904761,0.0196722963616884,0.5561904761904761,0.0196722963616884
379,0.7114886731391585,0.1702663605605218,0.5759661146011803,0.0791931656924067,0.6385874738244812,0.1864909589955581,0.560413097277746,0.1686018062500037,0.5428707405292214,0.0781722594574532,0.5955549209975253,0.1859098085543767,0.5611460118027793,0.2360584154848325
380,0.52,0.0918936583472681,0.58,0.1567021236472421,0.6799999999999999,0.1873795909674026,0.6799999999999999,0.1873795909674026,0.58,0.1567021236472421,0.52,0.0918936583472681,0.5599999999999999,0.06992058987801
381,,,,,,,,,,,,,,
382,0.8083333333333333,0.1363659745403731,0.7083333333333333,0.2124591463996993,0.7416666666666667,0.2058181505871411,0.7083333333333334,0.1429948630692638,0.6916666666666667,0.2358658857261531,0.8083333333333333,0.1363659745403731,0.7,0.1314684396244359
383,0.935064935064935,0.0070692344669067,0.9073593073593073,0.014884614093192,0.980952380952381,0.0079561608958673,0.82987012987013,0.0225450215669776,0.9935064935064936,0.0051017805280414,0.8571428571428571,0.0,0.8571428571428571,0.0
384,0.593738656987296,0.1743960238184214,0.5208408953418029,0.1056746857317963,0.5208106473079249,0.1301848890498535,0.4480338777979432,0.1147638025611445,0.5074107683000605,0.1149211452781932,0.5350574712643679,0.1068836580145247,0.5850574712643679,0.0052773934634154
385,0.9283088235294118,0.0547301781209867,0.9283088235294118,0.0547301781209867,0.9341911764705882,0.052351529778287,0.9283088235294118,0.0547301781209867,0.8988970588235293,0.0729604210460417,0.7727941176470587,0.0214233072386393,0.7727941176470587,0.0214233072386393
386,0.825,0.2058181505871411,0.95,0.1054092553389459,0.75,0.2635231383473649,0.8,0.2838231060987733,0.95,0.1054092553389459,0.575,0.1207614728849119,0.575,0.1207614728849119
388,,,,,,,,,,,0.6904761904761904,0.1489020876134422,,
389,0.6333333333333333,0.2194268628681277,0.5083333333333333,0.2237792673458092,0.475,0.1966148707687376,0.3916666666666666,0.2005009159179843,0.45,0.172132593164774,0.5833333333333333,0.2721655269759087,0.4999999999999999,0.2078698548207745
390,0.8600000000000001,0.1646545204697129,0.9200000000000002,0.1398411797560202,0.94,0.1349897115421106,0.8,0.2108185106778919,0.8799999999999999,0.1686548085423135,0.5200000000000001,0.1032795558988644,0.8,0.2666666666666666
391,0.828888888888889,0.1328385882753179,0.7244444444444444,0.152689649104838,0.8422222222222222,0.1533172294280919,0.8099999999999999,0.0997183963639016,0.6244444444444445,0.1446627030994458,0.6133333333333333,0.0493580185154301,0.5911111111111111,0.0688530372659096
392,0.711111111111111,0.2156433574519946,0.7277777777777777,0.209840229247634,0.4652777777777778,0.1898994842777193,0.6805555555555556,0.1839076302411222,0.7513888888888889,0.2199390815395876,0.5777777777777777,0.1701286530052718,0.5777777777777777,0.1701286530052718
393,0.700952380952381,0.1383741026718852,0.619047619047619,0.0785353452498602,0.6533333333333333,0.1324954778484524,0.6476190476190476,0.1536160265007645,0.611904761904762,0.0853682019652371,0.4895238095238096,0.057310160726958,0.5038095238095239,0.107627943631944
394,0.8966666666666668,0.0895117069383236,0.8466666666666667,0.0958393717904347,0.8633333333333335,0.1328230977979431,0.8800000000000001,0.1146115285175789,0.7966666666666666,0.1527121070980326,0.8966666666666668,0.0895117069383236,0.7466666666666667,0.0849109918868569
395,0.9172727272727272,0.1386309818461949,0.8054545454545454,0.2109578487702209,0.860909090909091,0.1159501808728405,0.6772727272727272,0.2048650701552047,0.8145454545454545,0.1473487769725233,0.6463636363636364,0.046443780997981,0.6554545454545455,0.0307392840070684
396,0.9666666666666668,0.0702728368926306,0.9666666666666668,0.0702728368926306,0.8666666666666666,0.1054092553389459,0.95,0.1124914262850921,0.9166666666666669,0.1178511301977579,0.6833333333333333,0.1657381543352922,0.6833333333333333,0.1657381543352922
397,0.7583333333333333,0.1902321518695992,0.6,0.2317405957179356,0.6666666666666667,0.1842569327975222,0.7083333333333333,0.2196026152894707,0.5083333333333333,0.2404021835935423,0.5,0.1111111111111111,0.3833333333333333,0.1892154040658488
398,0.5,0.1416394309331329,0.425,0.2762457753433737,0.575,0.1861318396416772,0.55,0.1765583175785633,0.5166666666666667,0.2108185106778919,0.525,0.1622089035628492,0.5333333333333334,0.1372121003914274
399,0.525,0.1495363203743863,0.805,0.2576065044037341,0.7,0.2297341458681703,0.64,0.211869981094276,0.38,0.2043961295567452,0.545,0.0831664996658309,0.67,0.1602081978759722
400,0.8833333333333332,0.1531560972454469,0.825,0.2203042228766483,0.9083333333333332,0.1493297783968401,0.9083333333333332,0.1493297783968401,0.825,0.2203042228766483,0.8833333333333332,0.1531560972454469,0.875,0.1317615691736824
401,0.95,0.1054092553389459,0.875,0.2429563289518875,0.95,0.1054092553389459,0.6166666666666667,0.2783327788861188,0.7583333333333334,0.2371708245126284,0.6166666666666667,0.1054092553389459,0.7083333333333333,0.2553441154284755
402,0.575,0.0997682499781554,0.7666666666666667,0.1875771446237125,0.6583333333333333,0.1641006165304659,0.4916666666666666,0.1269903272295829,0.7583333333333333,0.2167734779458519,0.525,0.1245361765081105,0.525,0.1245361765081105
403,0.4393939393939393,0.0981930408849675,0.5606060606060606,0.155051327606149,0.4946969696969696,0.2004372961369351,0.5196969696969697,0.1587176959557088,0.5522727272727271,0.0961885890784938,0.4393939393939393,0.0981930408849675,0.4393939393939393,0.0981930408849675
404,0.7333333333333333,0.2056765593468342,0.6476190476190475,0.2078092425276589,0.7595238095238095,0.1762012008747963,0.75,0.2064255048196818,0.761904761904762,0.1854495467547289,0.5833333333333333,0.1225670254879404,0.5833333333333333,0.1455867962527312
405,0.8699999999999999,0.1475729574745243,0.7550000000000001,0.2006240264773888,0.76,0.1882669499525725,0.805,0.1921371038260613,0.7550000000000001,0.2408895551446301,0.78,0.1798147194568157,0.765,0.1886354508922788
406,0.6583333333333334,0.2095335796182901,0.525,0.1114577924874382,0.6500000000000001,0.1956312984628778,0.6500000000000001,0.1956312984628778,0.5499999999999999,0.0978156492314389,0.6583333333333334,0.2095335796182901,0.6583333333333334,0.2095335796182901
407,0.6000000000000001,0.1165343164633501,0.6166666666666667,0.1765583175785633,0.7333333333333334,0.1610152971798826,0.7,0.1531560972454469,0.5666666666666667,0.2744242007828549,0.75,0.161970885967925,0.5666666666666667,0.086066296582387
408,0.7125,0.1340275778799763,0.6027777777777779,0.1887617582344,0.6680555555555555,0.1404922880104022,0.7375,0.1598999279813782,0.5444444444444445,0.1606154572352258,0.7347222222222222,0.1080698759116574,0.6319444444444444,0.116984062671234
409,0.96,0.1264911064067351,0.86,0.154200446749605,0.885,0.1546501427954939,1.0,0.0,0.96,0.1264911064067351,0.825,0.1207614728849119,0.71,0.1468181036369682
410,0.76,0.268535120814971,0.805,0.1674149867179691,0.7150000000000001,0.289683735592226,0.76,0.2105548226313834,0.655,0.2793345266482068,0.76,0.268535120814971,0.64,0.2105548226313834
411,0.7777777777777778,0.0523782800878924,0.7333333333333333,0.1405456737852612,0.7555555555555555,0.0876456264162905,0.3111111111111111,0.1799253007628314,0.7000000000000001,0.1177055450523755,0.788888888888889,0.0351364184463153,0.788888888888889,0.0351364184463153
412,0.9857142857142858,0.0451753951452625,0.9732142857142858,0.0566258856858346,0.9428571428571428,0.0998865569685858,0.9714285714285716,0.0602338601936834,0.9303571428571428,0.0736028211649982,0.6767857142857142,0.062116168324736,0.6767857142857142,0.062116168324736
413,0.4928571428571429,0.0817498843290037,0.5095238095238095,0.1855174645547553,0.6904761904761905,0.1374643498070537,0.6595238095238096,0.2153266896377343,0.4904761904761905,0.2014685314410112,0.5071428571428571,0.0817498843290037,0.6428571428571429,0.191136421885592
414,0.5546357755887202,0.0023380883110929,0.501355007821418,0.0168338000388371,0.5596837610451105,0.0130103517377476,0.5555553206781381,0.0136269627235029,0.5174924956665116,0.0406866039140345,0.5491333023295143,0.0109085905256697,0.5491333023295143,0.0109085905256697
415,0.4599999999999999,0.1074967699773139,0.5,0.2160246899469286,0.42,0.1316561177208766,0.51,0.1523883926754994,0.41,0.1791957340762081,0.41,0.0875595035770913,0.44,0.0843274042711567
416,0.78,0.2529822128134703,0.7,0.2108185106778919,0.82,0.2529822128134703,0.82,0.2529822128134703,0.6766666666666666,0.1750132270133593,0.8166666666666667,0.2460803843372233,0.7766666666666666,0.2266503262083917
417,0.5699604743083004,0.1752929644121739,0.4950592885375494,0.1347525650487879,0.7003952569169959,0.2078832619645854,0.6741106719367588,0.1848772887481181,0.6047430830039525,0.0895140329457867,0.5699604743083004,0.1752929644121739,0.6571146245059288,0.1335231779741377
418,0.911776611694153,0.0477110563550552,0.8780359820089956,0.0540238322031164,0.8538755622188907,0.1412113732155155,0.7192428785607196,0.1823438269559823,0.8798725637181409,0.138163630711383,0.7785607196401798,0.0034839430400666,0.7785607196401798,0.0034839430400666
419,0.978409090909091,0.0149048738595434,0.978409090909091,0.0149048738595434,0.9535984848484848,0.0300023221646577,0.7830492424242423,0.0874117379010995,0.962784090909091,0.019869070162248,0.978409090909091,0.0149048738595434,0.978409090909091,0.0149048738595434
420,0.9953271028037384,0.0049256661373339,0.9953271028037384,0.0049256661373339,0.9953271028037384,0.0066084745905284,0.929527420208076,0.0522772789404159,0.9906365720331513,0.0062306404970117,0.9953271028037384,0.0049256661373339,0.9953271028037384,0.0049256661373339
421,0.7111904761904762,0.1581578969984363,0.6197619047619047,0.1353124562683184,0.6626190476190477,0.1490037885415939,0.6071428571428571,0.2291136645916063,0.6057142857142858,0.1598224323320828,0.5035714285714286,0.1130067880243561,0.4788095238095239,0.1826792082358939
422,0.8462063086104006,0.0598807197903214,0.8317135549872121,0.0702410127968294,0.975063938618926,0.0240089301221465,0.8634057971014493,0.2045012939061644,0.9486572890025576,0.0434881790465631,0.8653239556692242,0.0054360129512044,0.8653239556692242,0.0054360129512044
423,0.7280365107354008,0.0591729192356024,0.6157016906959859,0.0479824408368946,0.8281246758634996,0.0579539953671036,0.5512602427134115,0.144205532684936,0.4786069909760398,0.0570670145423919,0.532366974380251,0.0746861664231923,0.5368685820972928,0.0655135122369504
424,0.7720140526266152,0.0558390218616011,0.3957837404508158,0.0380218657367668,0.8832877487503537,0.0187469483205899,0.8217730830896915,0.0813311640328338,0.7883150995001416,0.0404220221356958,0.6776733000094314,0.0247535187495765,0.6139988682448364,0.0248822694134607
425,0.7941595441595442,0.0174626548418169,0.7497150997150996,0.1034506939041536,0.8123931623931625,0.0886250304548342,0.5609686609686608,0.1409765503336165,0.7561253561253561,0.0500619875870841,0.7941595441595442,0.0174626548418169,0.7941595441595442,0.0174626548418169
426,0.7251260504201681,0.0533397619880921,0.6794957983193277,0.1042379684412698,0.7769747899159664,0.1047275966531337,0.7308403361344538,0.0816218333106933,0.8885714285714286,0.1162138930345264,0.7278151260504202,0.0144384106052505,0.7249579831932774,0.0139497485731078
427,0.937770789657582,0.0398692008371747,0.9039482879105524,0.0314001132541425,0.9134171907756812,0.0178996848688776,0.8266946191474492,0.0526108461906882,0.9698462613556954,0.0269946388794254,0.8964360587002098,0.0097433543300815,0.8964360587002098,0.0097433543300815
429,0.925,0.0645497224367902,0.925,0.0645497224367902,0.95,0.0645497224367902,0.95,0.0645497224367902,0.9214285714285716,0.0679719163029533,0.925,0.0645497224367902,0.925,0.0645497224367902
430,,,,,,,,,,,0.6399999999999999,0.2221110833194357,,
431,,,,,,,,,,,0.4066666666666666,0.1429840705968481,,
432,,,,,,,,,,,0.7781818181818181,0.0351306102937925,,
433,0.8242105263157894,0.2395774468344256,0.8189473684210526,0.1962278937172269,0.7336842105263158,0.3288170502094807,0.6936842105263159,0.2335614239346573,0.8368421052631578,0.2015788710243698,0.4473684210526316,0.0916656173867588,0.7642105263157895,0.1787890596617269
434,0.686968766001024,0.1121197866854081,0.6,0.0886869400698242,0.7008960573476701,0.1596643493643157,0.5733230926779314,0.2030274752578624,0.651510496671787,0.0596230348724337,0.7056323604710701,0.0063699565675788,0.7056323604710701,0.0063699565675788
435,0.7303123399897593,0.2311211602088389,1.0,0.0,0.5984639016897082,0.2219393557949359,0.559984639016897,0.1682832157613844,0.5974398361495136,0.1891749247132599,0.7303123399897593,0.2311211602088389,0.4991807475678443,0.0169443395677243
436,0.6354166666666667,0.0662967165825701,0.7275,0.1464629266705021,0.6554166666666666,0.1037872720496409,0.7279166666666667,0.1118732541763222,0.7333333333333334,0.2845832994414599,0.6558333333333334,0.0235865885726153,0.6745833333333333,0.1080560911154965
437,0.8166666666666667,0.1114577924874382,0.8666666666666668,0.0851650539819771,0.925,0.0614887322810518,0.6708333333333333,0.1660288722474289,0.9333333333333332,0.05957669608202,0.6250000000000001,0.1210805262094631,0.5791666666666666,0.0131761569173682
438,0.6994627192982457,0.0836984864583448,0.6534429824561404,0.0042740347292534,0.9663157894736842,0.106518826447777,0.6285416666666666,0.0964318310506519,0.7382236842105263,0.0663660407863253,0.6534429824561404,0.0042740347292534,0.6534429824561404,0.0042740347292534
439,0.9478021978021977,0.1122233972520623,0.9478021978021977,0.1122233972520623,0.9692307692307692,0.0743147525445612,0.94010989010989,0.1108762226272441,0.9478021978021977,0.1122233972520623,0.9478021978021977,0.1122233972520623,0.9478021978021978,0.0775852365566854
440,0.5649122807017544,0.0699286324864452,0.602046783625731,0.1183835443851757,0.7266081871345029,0.0931628076711487,0.5330409356725146,0.0735728657373805,0.7359649122807018,0.1181795482208445,0.5862573099415205,0.0186080731891196,0.5698830409356725,0.0714425616109086
441,,,,,,,,,,,0.9333333333333332,0.0573775310549247,,
442,0.7517927170868347,0.0491613175539825,0.723501400560224,0.0365532087402291,0.9681232492997198,0.0157409511272192,0.8049579831932773,0.0331327281273481,0.9255882352941176,0.0308271086114066,0.7423249299719888,0.0042361898545094,0.7588795518207283,0.0135381370800968
443,0.6631868131868133,0.0774900611442405,0.6274725274725275,0.0888910692214717,0.7027472527472527,0.1608690539762206,0.6637362637362637,0.1405324137336254,0.6884615384615385,0.123542910368872,0.6862637362637363,0.0314517448315433,0.6862637362637363,0.0314517448315433
444,0.78,0.2529822128134703,0.7,0.2108185106778919,0.82,0.2529822128134703,0.82,0.2529822128134703,0.6766666666666666,0.1750132270133593,0.8166666666666667,0.2460803843372233,0.7766666666666666,0.2266503262083917
445,0.8473684210526317,0.0630115263019928,0.8263157894736842,0.0543576609994023,0.8394736842105264,0.0649952054485708,0.8421052631578947,0.0620269106303988,0.7763157894736843,0.1197938621381373,0.8473684210526317,0.0630115263019928,0.6026315789473685,0.1978843160127995
446,0.7261904761904763,0.298912533099468,0.7714285714285716,0.3270765780845043,0.8261904761904763,0.1250094478666852,0.7928571428571429,0.2256119027503545,0.7714285714285716,0.3270765780845043,0.8595238095238095,0.0507564347787919,0.8595238095238095,0.0507564347787919
447,0.7227272727272727,0.182385478615808,0.640909090909091,0.1362794352834476,0.7045454545454545,0.1592711821335503,0.6954545454545455,0.1818813021748197,0.6401515151515152,0.1332055746959892,0.7227272727272727,0.182385478615808,0.5772727272727274,0.1250344305198652
448,0.5208333333333334,0.082102536347075,0.5930555555555556,0.1902152506077943,0.5666666666666667,0.1331853602767357,0.5555555555555556,0.1657640165737792,0.4791666666666666,0.1610751875658778,0.5208333333333334,0.082102536347075,0.5333333333333334,0.162393787173287
449,0.8049242424242424,0.1906382734217748,0.8180871212121212,0.1614412536509638,0.9227272727272726,0.0954569671276372,0.8255681818181818,0.2265190751943315,0.8418560606060606,0.1372434672735069,0.5417613636363636,0.0127084603480081,0.609185606060606,0.2075676787993246
450,0.6178571428571429,0.2129921272218844,0.6428571428571428,0.1803483024707514,0.5625,0.1396591453172626,0.5553571428571428,0.2611528709309259,0.6535714285714285,0.1711141296079138,0.675,0.1893194040099796,0.5642857142857143,0.0919059955505656
451,0.8692307692307694,0.1885966722916235,0.8461538461538461,0.1849000654084096,0.8692307692307691,0.1814906499403732,0.6461538461538462,0.1856098571369626,0.6076923076923076,0.2189269149347339,0.8076923076923077,0.0405420212842099,0.8076923076923077,0.0405420212842099
452,0.7150000000000001,0.2173706511928415,0.775,0.22391714737574,0.8699999999999999,0.1751190071541826,0.845,0.2087662169349565,0.865,0.1510150838676572,0.7150000000000001,0.2173706511928415,0.615,0.1028753290800731
453,0.8384870745022479,0.1795898150297655,0.5265600246199957,0.0511976241029486,0.9186797527296082,0.1335791788613346,0.6915660458146008,0.2214689725750565,0.9379957450224792,0.102082523436174,0.500515012845215,0.1125253583566525,0.5304918646970669,0.141730460145763
454,0.9561310782241014,0.0431379448704803,0.9561310782241014,0.0431379448704803,0.9538583509513744,0.0411214660392987,0.9447145877378436,0.0492764981622585,0.9285412262156448,0.0457206321494768,0.6137949260042284,0.0084934672897085,0.6137949260042284,0.0084934672897085
455,0.9282828282828282,0.0385224033265012,0.9262626262626265,0.0375084779572622,0.9313131313131316,0.0422689692295628,0.9363636363636364,0.0395676620752123,0.9767676767676766,0.024303141323392,0.909090909090909,1.1702778228589004e-16,0.909090909090909,1.1702778228589004e-16
456,,,,,,,,,,,,,,
457,0.7524000000000001,0.0165139671524171,0.7116,0.0182037847102677,0.8502000000000001,0.0172935440747889,0.8562,0.0231986589650733,0.8309999999999998,0.0159791530856091,0.6618,0.001135292424395,0.6618,0.001135292424395
458,0.5238095238095237,0.1016368926576642,0.5857142857142857,0.1778911203317066,0.7690476190476191,0.1995364999563108,0.6619047619047619,0.2285934733637421,0.7047619047619047,0.1564116384898414,0.6523809523809525,0.1813973920909416,0.5238095238095238,0.1871400971833587
459,0.8158100974772499,0.0331248376626997,0.7442929313958169,0.0110737066861948,0.8477411833284755,0.0195130916707755,0.808338075344779,0.0169306318400934,0.7838514848278766,0.0193822235287459,0.7862865655345981,0.0185985266042592,0.7170531984288906,0.0725065529891391
460,0.915,0.1106797181058932,0.92,0.1032795558988644,0.51,0.3025814858109391,0.9,0.1414213562373095,0.78,0.1358103252497557,0.6300000000000001,0.1686548085423135,0.47,0.1159501808728405
461,0.877124183006536,0.1161262961761091,0.8545751633986928,0.1336477454031276,0.9888888888888888,0.0234242789642102,0.9549019607843136,0.0440281240228989,0.7856209150326798,0.1216459097948427,0.6009803921568627,0.0185792928164175,0.7415032679738562,0.1227263302133011
462,0.5144736842105264,0.1332597326869665,0.4594736842105263,0.1161954605032023,0.5618421052631579,0.1039186798815131,0.5702631578947368,0.0996921237835528,0.5547368421052632,0.0967206204701484,0.5568421052631578,0.1005693242555849,0.5563157894736842,0.0716640361131171
463,1.0,0.0,0.975,0.0790569415042094,1.0,0.0,0.925,0.1207614728849119,1.0,0.0,1.0,0.0,0.975,0.0790569415042094
464,0.6799999999999999,0.1686548085423136,0.6599999999999999,0.211869981094276,0.68,0.2529822128134703,0.5399999999999999,0.1897366596101027,0.5399999999999999,0.2836272984824353,0.5200000000000001,0.1032795558988644,0.52,0.1932183566158591
465,1.0,0.0,1.0,0.0,1.0,0.0,1.0,0.0,1.0,0.0,0.9888888888888888,0.0143443827637311,0.9888888888888888,0.0143443827637311
466,1.0,0.0,1.0,0.0,1.0,0.0,0.99,0.0316227766016837,1.0,0.0,0.5945454545454545,0.017248787237282,0.7,0.253859103528797
