dataset,ch,int,nre,pb,sc,sil,vdb,vdu
2,755.130095608386,1.4093227405142454,0.6931407325677168,-0.2034859147239349,0.0,0.1513424752533631,2.28185907278281,4.276272118709008e-10
3,61.42362995498204,298.5958029857156,0.6815056745660565,-0.0051266274865094,0.0,0.005448763192135,11.800274228588178,1.4109994880321164e-11
4,6.954022651017839,21041.607445639384,0.5004024235381879,-0.2547428603855479,1.0,0.3746846575454827,2.040533548863284,1.0130934428196116e-07
5,2.9081918699342806,6.888120794971345,0.3833741327120051,-0.01475440398553,0.0,0.0171568020480919,7.601918145866163,2.1864165295566354e-06
6,1.3190899496534425,6.76851427588664,0.3952930598389119,0.0006594194231323,0.0,-0.0002553788118493,11.388793243309731,2.0991394098777096e-06
7,2.317461948535674,6.531731558260411,0.3713293553783009,-0.0102069031520628,0.0,0.0123002941700214,8.157249683200117,2.689096606844585e-06
8,4.259090663618681,89.53755240207207,0.6895865582873564,-0.0276862444155683,0.0,0.0344440425198267,3.768860874177586,0.0
9,144.76430127774063,86.13456765100446,0.6625423081259516,-0.2014791076937233,0.0,0.1319871109345117,2.146557047553629,1.1424971364382547e-06
10,20.04747050594493,137.1643810512144,0.6931471805599453,-0.218463754767018,0.0,0.2428810372067775,1.2070979869277394,7.472961091094482e-05
11,200.0491714307801,1419.3168102730374,0.4143015562816121,-0.4095624293119534,0.0,0.4009470804650321,0.6316287388629982,2.6860332811565544e-08
12,,,0.6806294878916634,,0.0,,,
13,4.315493435943866,2.140182963170823,0.6474466390346325,-0.1181647409247375,0.0,0.0341983154963002,4.986417026279173,0.0001762363459064
14,3.016356148373485,2.1092500566533943,0.6902748242189058,-0.057365610812609,0.0,0.0171666482680006,6.523470272973976,0.0001333064579057
15,,,0.5370377928993405,,0.0,,,
16,,,0.596886161767992,,0.0,,,
17,,,0.6782935579509433,,0.0,,,
18,6.957878548103477,10.182894211687586,0.2410883129928447,-0.147802930888428,1.0,0.2435531385117133,2.091159060896396,0.0
19,3.8567043222003927,2.112285308466557,0.4862229646617922,-0.062601166675836,0.0,0.0288829204459865,3.846011492927702,0.0003751463737424
20,17.851411085660825,259.9420864928188,0.583258840128597,-0.0108814277856996,0.0,0.0848886094224228,0.833592092018823,5.700226590345734e-07
21,0.9651990228024546,11.972686353961766,0.6024402635203422,0.0205323213256624,1.0,-0.0088837037043559,3.989112798448201,0.0001783395332188
22,22.497467179787357,148.13228320745552,0.5594859152849988,-0.201719530776791,0.0,0.1689346158451301,1.576642284777017,8.789512088064046e-06
23,32.68520349470066,182.7076837562292,0.5093116226143128,-0.2949100130755988,0.0,0.235209105179213,1.1672994552446896,9.384118618967202e-06
24,1.6803666700358597,2.3181929173925826,0.4926531931045961,0.0067811444880743,0.0,-0.0016410678196929,17.134775625942744,0.0
25,,,0.2965550805494286,,0.0,,,
26,69.08935984988703,296807.9469583349,0.5819181977558665,-0.5552612646654195,0.0,0.593146613787168,0.7823698679871937,3.1773403405738795e-05
27,4.2,1.9163162231961568,0.6615632381579821,-0.2103070680281643,0.0,0.0580239295241474,3.451443322854517,0.0009620500424306
28,2.0893179342006154,6.182369343056722,0.482577565177012,-0.1543277907092419,1.0,0.1486705126871063,2.789586049583983,5.341780596599836e-05
29,2.056643520324569,2.740475444125513,0.6829081047004717,-0.0014908402619704,0.0,0.0213796123625433,4.221570700816071,0.0007716049382716
30,13.858613817537645,2.603699503162148,0.5331638407372986,-0.0794860120917283,0.0,0.0329459682120963,4.401466242015985,1.602916112903075e-05
31,1.9574529823760776,9.43091527197487,0.6875967375909238,-0.0159412359233888,0.0,0.0289431866702608,3.696187887931621,0.0001183787293653
32,,,0.5270671186532249,,0.0,,,
33,3.1299888036816355,720.3621655569432,0.6799406565303493,-0.0172478548542263,0.0,0.0242151429432967,3.9251105762502703,3.7268820416118337e-06
34,,,0.3100697179979526,,0.0,,,
35,4.032147109406005,2.147259410592208,0.6656723999853216,-0.1458981857637667,0.0,0.0492754792409448,3.666220054986292,0.0006784374491064
36,1.7783261789540634,116.7565600025588,0.2145591551764051,0.0259807131510737,1.0,-0.0671261609670444,3.3966684987088134,1.3561404208613228e-05
37,59.54405386762773,30.11605608178339,0.2587043978901781,-0.3637562774943288,0.0,0.3262128056971762,0.7960492937110732,6.923811112207543e-06
38,0.9573198909437848,6.623956172711923,0.6237665984568341,0.0184910067475861,0.0,-0.0016845775501118,18.016630801278048,1.746114894360049e-05
39,11.517151692951836,40.05335990806834,0.6869615765973234,-0.1325908396018342,0.0,0.1438049071118685,2.579916307901326,5.620069568151497e-06
40,,,0.6829081047004717,,0.0,,,
41,2.739084971186964,4.740689197568249,0.2536389469216913,0.0198890465551716,1.0,-0.071704762487771,2.364005144361574,0.0002356267246842
42,,,0.5954002839805336,,0.0,,,
43,6.027012388598756,779573.8167372079,0.6931471805599453,-0.0313022372980762,0.0,0.1073181059383505,1.537201192356241,1.3277361278990414e-07
44,16.738451966122742,4.109465548341564,0.6930709707288083,-0.146506631233674,0.0,0.1324997236514668,1.9692721109095368,0.0
45,4.945205479452056,1.9062741699796957,0.6615632381579821,-0.307920143567801,0.0,0.0916104280983171,2.650303972492242,0.0018856180831641
46,4.653741633138651,3.221625222018881,0.6833372109101785,-0.0357999252845609,0.0,0.0096351479113058,8.855506987922023,1.004184817635974e-05
47,,,0.6730116670092565,,0.0,,,
48,137.1275153865329,116.39414816219912,0.6465036520083403,-0.5128738638296213,0.0,0.4956560099213038,0.7905638596035276,8.018883184900163e-07
49,3874.5996452573054,16.437578598614735,0.5506585440736059,-0.4663363501465872,0.0,0.4293017612139055,0.5690008249714255,0.0
50,,,0.3845429197562285,,1.0,,,
51,7.197552447552447,2.268141130592148,0.6853142072764582,-0.30007003419179,0.0,0.1105060063862936,2.48582282157738,0.0008818342151675
52,0.209610122928736,17.965431392144296,0.6869615765973234,0.0053235814896176,0.0,0.0088012298241889,40.06611147577895,3.5280439557997266e-07
53,0.5415762959665947,51966.02671626853,0.6615632381579821,-0.0151542554362386,0.0,0.0112792013413975,7.165869597539473,1.0043076748205251e-08
54,27.63641443411661,271.5513563243518,0.6006618606306209,-0.1919598346573836,0.0,0.2059305388794761,1.857318486663729,2.805695457444149e-07
55,0.2160480143486856,1991.862849331937,0.5491209782481898,0.0017433805541451,0.0,0.0006985079377976,45.465379589387176,1.896345177607721e-09
56,0.2160480143486856,1991.862849331937,0.5491209782481898,0.0017433805541451,0.0,0.0006985079377976,45.465379589387176,1.896345177607721e-09
57,,,0.6896090564043783,,0.0,,,
58,22.733708189629315,118629.996708018,0.4105739509122746,-0.1648592789720898,0.0,0.6706146040504999,2.0351508721608957,1.7414495553050668e-11
59,474.3762002880261,676844.0535392971,0.1483468327872007,-0.6650506081588566,0.0,0.9546348236547934,0.8841730729046988,6.41722528295702e-10
60,306.04941928258546,612077.2504139115,0.1771584149838751,-0.5779118693697044,0.0,0.9354355495172214,1.106415747401596,5.2683230683655997e-11
61,1122.3359680583194,1129514.736139406,0.110453046672598,-0.8108590589828999,1.0,0.9773855559813082,0.5451370687185642,2.9429319106362875e-06
62,14.840406593524929,4.001443895750343,0.5647526758715391,0.0268610696679823,0.0,0.0322455563488625,3.06400748339464,2.5177579677808883e-05
63,,,0.6622459795637742,,0.0,,,
64,,,0.6749400381404818,,0.0,,,
65,,,0.6918840542620308,,0.0,,,
66,83.56929229069931,1059.790962856422,0.6407848608302267,-0.4469074781987161,0.0,0.3681080019305128,1.1214911003337589,2.5611531169351404e-06
67,,,0.6319103984023644,,0.0,,,
68,83.56949797230753,1059.7899755716544,0.6407848608302267,-0.4469071213946965,0.0,0.3681092031983505,1.121486445467744,2.5611535578317623e-06
69,0.0896165638505186,64.30430720237575,0.4029413578669423,0.0306308333727654,0.0,-0.0379642079959296,26.81519504542878,8.213036113121009e-06
70,115.92304449176493,4.154465297889316,0.6900707444437642,-0.2781906268676295,0.0,0.1552739858077686,2.228396546565621,1.2879162545334652e-06
71,18.33384368516442,670.571743038443,0.5520916602132345,-0.0052168345284103,0.0,0.0065983157042188,7.745553637618883,6.830492538483776e-10
72,616.6185505948413,10.458008694205835,0.6194401371305029,-0.2639666874021223,0.0,0.1245710701860532,3.356622353271571,3.92352697824501e-09
73,2889.532900482628,6.763846827188233,0.6744781388686002,-0.371380902309647,0.0,0.3090508370502646,1.465096757393886,3.5749754352145604e-10
74,16.5113038883968,15.960826607300229,0.6929301509699878,-0.1713147673638833,0.0,0.135701733730341,2.122112903782281,1.170335640221656e-05
75,,,0.6527546265645937,,0.0,,,
76,80.85866809619543,48.94997729784308,0.6930211989529488,-0.1942618463558023,0.0,0.1750827926913168,1.4893531129581048,9.988332442493036e-07
77,38.30412414284602,69.60591539418112,0.6474466390346325,-0.5390344748835676,1.0,0.4616981208959881,0.9481722747506408,0.0001138204456044
78,83.01247415579842,236.93282810143407,0.6779471359178069,-0.0695753209812798,0.0,0.0939749756327388,1.9624940169563716,4.265885332782824e-08
79,188.29278161564,1901.31099162962,0.6861003509699899,-0.2623844126050614,0.0,0.2599868201489491,1.377531418041781,5.602721912792895e-09
80,6.181567474446222,3.2440903173182742,0.6084755754298137,-0.1385737162081745,0.0,0.0355131478428526,6.240694864592861,0.0
81,,,0.6441541080484818,,0.0,,,
82,0.4783081665838493,11.854094976730538,0.6801562094176439,-0.0099259010080621,0.0,0.0069928995907388,20.46252566247436,0.0
83,,,0.6772976974986347,,0.0,,,
84,5.700587777604568,3.907278034957651,0.6772976974986347,-0.1207820032764177,0.0,0.0380053549880423,4.163226569277446,0.0001472757180605
85,264.7814231205788,2375.379640579943,0.6754645824509031,-0.0189499183465329,0.0,0.0365803921313207,5.616849204918701,4.0633721757887823e-13
86,74.19071413357389,2.952052495610656,0.610668040691973,-0.1345940720749088,0.0,0.0421389701089169,4.380439245584929,6.5134224203686e-07
87,,,0.6612478812979339,,0.0,,,
88,,,0.6612478812979339,,0.0,,,
89,145.15705018377446,246.998833729601,0.671248513962747,-0.4411353935288835,0.0,0.3149907159336337,1.1798655084468963,5.177889806313519e-06
90,,,0.6885600012003286,,0.0,,,
91,6.237623762376238,2.9564774041913244,0.6365141682948128,-0.0930160502561929,0.0,0.0829573562767599,2.9350252593197665,0.0001511090763504
92,1.5050847457627123,3.736616340361431,0.6896709283570267,-0.0182517582530701,0.0,0.0491104663772098,5.031880480309158,0.000203230137664
93,4.006920415224915,3.451969564906641,0.6853142072764582,-0.1115000525947314,1.0,0.1171157831547001,2.3760719936383325,0.0005210572732528
94,5.159754616908431,4.607625362177915,0.6457101064871973,-0.0637888420236343,0.0,0.0493799512433115,3.2545510517956404,8.006135050073167e-05
95,5.162673392181588,3.8434737430720474,0.6615632381579821,-0.0768809765189669,0.0,0.076160376565321,2.619113111635837,0.0002152734050811
96,4.801699716713883,3.5103093053083554,0.6853142072764582,-0.1474508460676998,1.0,0.1434750121476806,2.194933953059504,0.0005450816029709
97,5.677241990608033,1.488807771982143,0.652825793916348,-0.0911810409771731,1.0,0.1029189719130102,2.1725896676775687,0.0
98,5.046875,2.798897291618328,0.6365141682948128,-0.1087793978740934,1.0,0.0811218351678657,2.2557380519557224,0.0006236295209263
99,5.450211864406777,2.473130368720652,0.615498282275913,-0.0991637061093759,0.0,0.0573292999586267,3.1763980032321952,0.0002085597580641
100,2.4401913875598087,2.144858939530849,0.6869615765973234,-0.055358756667467,0.0,0.0322662755457851,3.633716159329557,0.0009021097956087
101,0.4278693263949119,3.728528040065085,0.6886051523183013,-0.0201016548623907,0.0,0.0174009110186706,9.151294876981432,0.0002929905719288
102,0.975479204814582,1008.3376458265044,0.6791932659915256,0.0056907448170804,0.0,-0.0045431110546876,14.82839269831188,1.4881558991273237e-08
103,1.0322431021931764,33.71900884642392,0.6899437584583995,0.0032633551130043,0.0,-0.0075302706853191,5.965009076686631,1.985836823800439e-05
104,2.361682768624681,9.543577206052213,0.6809991432654108,-0.0684516341033475,0.0,0.0506968500509438,3.791752648218611,8.360503686013949e-05
105,0.7580893146925135,246.8387584351394,0.6365141682948128,0.0192206663945629,0.0,-0.0342099315089013,5.927222490017831,4.526906888555765e-06
106,2.7197372536753224,3.501969542628683,0.6911927820032008,-0.0280801116276994,0.0,0.0289730835420979,5.444135654847806,5.672719432715637e-05
107,1.3746760459089231,2.057835654929736,0.6853142072764582,-0.0010816577724149,0.0,0.0080293885559411,7.902919014775649,0.0
108,0.3270564915758176,2.806753009075624,0.6615632381579821,0.0264305237117468,1.0,-0.0190413469162073,9.0537400013536,0.001285861249684
109,2.0770225490988463,3.473951175907993,0.6926588198060253,-0.0311538378020685,0.0,0.0156817842163003,5.340632649135356,0.0002272681109361
110,11.22137404580153,2.6445124774120234,0.6615632381579821,-0.3480067272793389,1.0,0.2176380425548425,1.480020432298389,0.0010758287072798
111,1.2751677852348986,2.534671096318925,0.6881388137135884,-0.0011686947497434,0.0,0.0003367691436566,5.2745713046716425,0.0005383856473626
112,0.8331853304339062,2.073850669694858,0.6730116670092565,0.0015690223892706,0.0,-0.0056191085100329,7.811741312049601,0.0
113,5.76520681265207,2.681536388005149,0.6834708679894421,-0.1404708800044306,0.0,0.0627395791686732,3.4035571527993773,0.0002872921885681
114,22.133601744551036,382.5524340216824,0.6909233093138181,-0.1916600581622254,0.0,0.1548335381128401,1.3929579867128774,5.368278214796976e-06
115,13.491377900747397,75.26459334886965,0.6365141682948128,-0.0911588080544837,0.0,0.080873660241469,1.8590356346685664,4.193211528991413e-06
116,4.610635615051239,49.74424668917759,0.6754645824509031,-0.0768559134232784,1.0,0.0986120395372618,2.0664967366540936,0.0002589949099081
117,0.8637243275830339,80.20661760608522,0.6881388137135884,-0.0131891359046574,0.0,0.0078876954188338,7.194833689611237,5.38581012190734e-05
118,3.6906012936137,1475.1132664517786,0.6929002466535776,-0.019289091080388,0.0,0.0097787171533914,2.688613608402422,1.8568435225812047e-05
119,2.4212485681557827,3.906417428057824,0.6818546087307834,-0.0131228010116022,0.0,0.0118362324675743,3.619406074359363,0.0002695888883349
120,2.4322181512403147,5.78286223220778,0.6869615765973234,-0.0638195509355862,0.0,0.0515112204628071,3.4493853724425656,0.0002740806310334
121,16.977267275985554,72.7423457849521,0.6759010305740114,-0.3135696348505984,0.0,0.287348221766494,1.5160219851519854,8.436221970312272e-06
122,0.7835051546391759,3.443988569739517,0.6881388137135884,0.0208896358112316,0.0,-0.019048098948064,6.454130967862425,0.0003132190267404
123,0.0453172205438067,3.200722151310048,0.6911927820032008,0.0438541131616797,0.0,-0.0388041475188278,23.56376335060116,0.0005149271876851
124,4.863246024725282,843.176889985778,0.6172417697303416,-0.1887799712549228,1.0,0.3988406101186288,1.4499941141297006,1.1748103075414607e-06
125,0.7897551420333128,21.03564866375344,0.6930346763408155,0.0004899834683591,0.0,-0.000378058210157,18.837874818348656,4.473369888535326e-07
126,1.2154409272751607,0.4232251781152434,0.6923469670899615,-0.0021525470384855,0.0,0.0011013769011979,16.435889169627796,7.248996807465447e-07
127,1.811344461229447,19.160979752236734,0.6926971130356336,-0.0022944725164493,0.0,0.0006193745413835,12.912556596616948,6.963623188543816e-07
128,0.8760523807309638,0.442262644681522,0.6925345554465463,0.0007117722953507,0.0,-0.001145323263423,19.070710627580677,4.736656137920481e-07
129,0.8839758119545654,19.561928253296,0.6777555495642991,-0.0233571179823895,0.0,0.0189720449270841,16.444571376528287,2.0312491225501958e-07
130,220.13111567493584,42924.97185903927,0.6875621446408827,-0.4812755581062997,0.0,0.4270464329922008,0.7400190846009256,4.5741729055534514e-08
131,360.7924051050657,8.838658444889075,0.5234205359555119,-0.315632748531473,0.0,0.2766050861799013,0.7850201737816523,1.5647736031202396e-06
132,27.717451454320173,3121.906136690064,0.691378423820677,-0.0892033356704632,0.0,0.0974485319899372,2.0055885748577635,1.3196809244640216e-08
133,2.7411374547991403,9.33748602322058,0.6715234500366745,-0.0293139334707556,0.0,0.0365709391889617,8.428821210989497,0.0
134,3.6039054760256537,257.3541974659866,0.6923469670899615,-0.0228039157849669,0.0,0.0196064063921366,2.848810467522542,5.968970702049723e-06
135,128.4273643560417,163.51284706973362,0.6791932659915256,-0.7402794414077831,0.0,0.5528888600569757,0.6673067512454505,0.000104074841234
136,,,0.6261635412676567,,0.0,,,
137,42.1359128167015,2509.599781183139,0.6700089798274271,-0.3969029956589862,0.0,0.3878128764837446,0.8669381448245388,1.877783542155348e-06
138,3.7467130227343146,193835.9040269173,0.5835274717778098,-0.1948524837957033,1.0,0.5091708044102634,1.5739645101682618,1.494584529765372e-07
139,57.3535786560854,4385615.16450699,0.6416366319605135,-0.6085532888273713,0.0,0.5395479577047608,0.7555956774203183,7.602421319010121e-05
140,14.47564955969635,25.9453516139771,0.6901856760188042,-0.2837664798191595,0.0,0.2245722468191856,1.6499750740654646,8.682117635587205e-05
141,1.4721386745080782,18.03103971593694,0.6887210394705642,0.0004406336033236,0.0,0.0082079883294909,15.464986087200842,3.56923848497411e-07
142,,,0.69280088019564,,0.0,,,
143,,,0.5547457139768934,,0.0,,,
144,,,0.6897395023135451,,0.0,,,
145,0.1456504815621059,68.52829715243715,0.6076934238709566,-0.0231395929757782,0.0,0.0193642653833046,21.070570404191365,2.677418889280361e-06
146,13.516207687019604,10.88985582196648,0.682456779053557,-0.0401495155482681,0.0,0.0348535225176174,9.31026197570113,0.0
148,,,0.6389960873358715,,0.0,,,
149,,,0.6106452030382127,,0.0,,,
150,,,0.6915311650262059,,0.0,,,
151,34.39858570341964,162.38187146912918,0.439669879401343,0.0267615512619456,0.0,0.0426022641365606,1.5154523630144845,2.401433340191276e-07
152,16.736758227002557,1400.7541226257615,0.4505612088663046,-0.1415962318763594,1.0,0.1596159402857396,0.9693694901993968,1.448377765502653e-05
153,226.31028214357752,21480.94191781821,0.5662433019686854,-0.5820763701338132,0.0,0.5775639369103202,0.7601676182364874,5.6700608989352455e-08
154,1329.3673352074488,687205.8877890905,0.6128575095115436,-0.209171631647953,0.0,0.1762189423008356,2.0588412663380664,3.6200319739624926e-11
155,1329.3666827366978,687205.605709636,0.6128575095115436,-0.2091713311769031,0.0,0.1762186987835892,2.0588414844039438,3.333455417512073e-11
156,,,0.6870689028587588,,0.0,,,
158,7.667692077144986,53.3474707781066,0.6881388137135884,-0.1343107841631436,0.0,0.0999294266508304,2.4762263279033467,5.776488743460568e-05
159,0.4218423981298584,5812.933095352703,0.6929748610442106,-6.483199818194376e-05,0.0,-7.174406579507987e-05,76.27699956727415,3.1435856169124517e-11
160,,,0.5727323358669623,,0.0,,,
161,2.355731705418799,294.9467525221496,0.688952861573987,0.0018833125044799,0.0,-0.0011623664769816,16.658813724580718,5.8326488932400805e-09
162,2.2402541574178283,204.6978480769668,0.664414992631529,-0.0023143783205536,0.0,0.0025502232563378,13.922503372467537,1.8563948950353212e-08
163,1.3854855302508793,723.3118279357528,0.6931471805599453,-0.000539686647289,0.0,0.0013949590198171,6.037726602844468,2.297322653681933e-06
164,13.487263656959858,160.80254462841546,0.2245343943806059,0.0183150820578213,0.0,-0.0553021619468571,3.0126920477700283,3.61723411470998e-08
165,0.1722599549974955,166.6459116412743,0.6338190666486282,4.023152113493528e-05,0.0,-6.920947526017677e-06,129.3966887845056,4.815560940731519e-10
166,18.51402744088561,15.080923635097529,0.3533264852907642,-0.0338280984605838,0.0,0.0495406422175066,4.973477241714143,9.985252519891945e-08
167,179.7273526999931,27.227829016055544,0.4903284901847112,0.0829238707657508,0.0,-0.0511490038301044,7.403841834781715,1.1450394986953327e-10
168,211.24012159712703,26.008918184371453,0.5227614512680658,0.0953203281062101,0.0,-0.0495208354929675,6.811532645626148,1.389840398644157e-10
173,10.616532658372057,318730938.7832085,0.6430300140414531,-0.0707404112211682,0.0,0.1040750179369488,6.778541781696583,2.2051377714557042e-14
174,97.77487761848072,189.62408105344605,0.6534181947937018,-0.6217061207732867,0.0,0.5710508103005124,0.5327134716170093,2.831410547862873e-05
175,6.872243926940393,1064.0645490480706,0.5823115165073856,0.00010656631687,0.0,-0.0001717367178963,16.45000805776187,3.5059097273940377e-10
176,43.948762071292784,188.11550747962232,0.6898034928264056,-0.1161734142681556,0.0,0.1120223157786373,2.759965616904039,4.852895435704052e-08
177,,,0.6265735073398178,,0.0,,,
178,11.036572205162136,35.64405121313747,0.6774944044487072,-0.2149622142480951,0.0,0.1824054259214609,1.7810535233701312,4.861713641735598e-05
179,84.91285935352722,2413.567249064517,0.5213937471294331,-0.70382303414989,1.0,0.769337823078376,0.5991021596717312,0.0001645553541033
180,,,0.5377714649278739,,0.0,,,
181,67.38144247469529,1459.169561364244,0.4850451425563364,-0.4474134357107013,0.0,0.6723728058334365,0.9970802455080664,2.357020622209154e-06
182,12.33999857186997,211.46642022048115,0.6411256807499238,-0.0935558736656238,0.0,0.1346149242230233,3.3141764893677035,3.122535217819042e-07
183,7.51807228915663,2.24423687838135,0.6076934238709566,-0.1027620462602816,0.0,0.0929891940103318,2.1918834599857484,0.0004395744110401
184,,,0.6809991432654108,,0.0,,,
185,668.5755902089926,0.0239141036158114,0.691267223393931,-0.1280486590785103,0.0,0.1348492905989174,2.8181133151877096,1.2457260746783826e-10
186,244.4547829905856,30.44891604281918,0.693131673700524,-0.0331345871684166,0.0,0.0485586631610177,4.897726361028617,1.3941593035007382e-13
187,,,0.6158716464949212,,0.0,,,
188,24.299108056220984,145.32696280198323,0.6467994206632901,-0.0904613604110476,0.0,0.104260113475586,4.427473994795723,3.6778237344316795e-08
189,4.519678286692141,10.6188061219036,0.6710806543560228,-0.1077711700583939,0.0,0.0969487308967066,2.626338675305014,1.1085548697986076e-05
190,7.734828311456564,17.545263796371344,0.6922788736563188,-0.0955263128287103,0.0,0.0932644884670868,2.060149091187871,4.2688245022772886e-05
191,362.4307941283152,292.5608958216856,0.6910645689482917,-0.5012540919061467,0.0,0.4267419269920471,0.7942084929478517,3.9289520204887125e-07
192,3.8811302863556265,19.278455083747023,0.69225243479665,-6.018637761458347e-05,0.0,0.0017838754612522,11.180783133715078,2.2367757179561973e-08
193,4.496840042359718,21.99965769275684,0.6931289257779522,-0.0044659902111704,0.0,0.0037027379546973,10.683378381121756,4.1078029390239545e-08
194,2.765611470088892,22.004475493129835,0.6930741600989431,-0.0034687406918086,0.0,0.0029357382601627,13.608562779854738,4.671070004228116e-08
195,2.900286710550364,19.193296435814744,0.6918277001413758,0.0018708695899703,0.0,0.0003833723699217,12.898223434026669,2.4319893375692174e-08
196,,,0.6930288326958663,,0.0,,,
197,158.250687642453,0.6421153223271019,0.6820338129816279,-0.4237043107953354,0.0,0.3063283303349377,1.252466106810983,1.4907148510552189e-06
198,259.7119768761545,321.3899405300414,0.6183422718226078,-0.0104636282146524,0.0,0.0126037354516672,5.993824220999022,1.3641812413276004e-12
199,113.88511368417598,25.98162149442228,0.6850259985526486,-0.6291553133118623,0.0,0.5389627290096137,0.5454388924369926,0.0
200,,,0.6028315479552164,,0.0,,,
201,171.11783762390618,33.45464395477266,0.6724950807186254,-0.5410100911478205,0.0,0.4679422993848331,0.7916278143115765,5.593867919821135e-06
202,6.641474775902837,97729.41884845433,0.6678722503844712,-0.1218286584586506,0.0,0.1618432871955927,2.3793981616605264,5.012069267305179e-07
203,3.413861812004296,1314.8395632113122,0.6508861694757068,-0.051306830396327,0.0,0.1439357231557586,3.471105125754866,1.6365210887981728e-08
205,47.54662145912858,4.495096578058288,0.6929851718108113,-0.1226228909826138,0.0,0.0450759999151051,4.5289448804137065,4.455522053531935e-07
206,19.1965924116789,7.085568226245084,0.6931291804519437,-0.076965514058692,0.0,0.0180719950429644,7.179821029134728,1.289234725218168e-06
207,104.545495488965,3.203293420822497,0.6931291804519437,-0.1867687382976823,0.0,0.0972379463339319,2.99794004700182,1.649373824145102e-07
208,10.942867590971698,10.013801302543335,0.6929471672244782,-0.0585291991346196,0.0,0.0098501117653134,9.526904724830766,1.8562521192743508e-06
209,5.124581201630674,4.487311659792831,0.6881388137135884,-0.1134463548195997,0.0,0.0413417691119922,4.296990425869529,0.000101796203422
210,2.541233943430892,7.075860304641088,0.6931471805599453,-0.0653679771051477,0.0,0.0150278921191555,6.184926213566011,0.0001801195276781
211,10.57392419946323,3.2002846868140047,0.6899437584583995,-0.1845673457525247,0.0,0.0934350839982658,2.9554546996246907,6.554261056859319e-05
212,1.699832333686949,10.001516905823893,0.6929471672244782,-0.0428543416186469,0.0,0.0068856359303915,7.577393046577363,0.0002250237602287
213,12.850053813758548,4.49459329289588,0.6931471805599453,-0.1234197156529687,0.0,0.0459514552831112,4.336346993151237,1.40303384107048e-05
214,5.950031581922325,7.089702843764321,0.6931151802186033,-0.0822134286682093,0.0,0.0192497136327982,6.428407034148172,2.5577445883219536e-05
215,22.27763166913042,3.182272853625889,0.6931471805599453,-0.1605977497017464,0.0,0.0823620621183748,3.2548387439768187,5.612880705110343e-06
216,3.1803050605815546,10.005435314876706,0.6910977801629237,-0.0486774525533678,0.0,0.0083610867778939,8.791030038187303,3.0445490524154665e-05
217,26.09111009066104,4.5012465191147335,0.6924990405193354,-0.1302027205407228,0.0,0.0482778416514852,4.313007442315701,1.7861258467780083e-06
218,9.14201673323157,7.077736405192911,0.6929471672244782,-0.0679511466541337,0.0,0.0160904119108591,7.346783910211324,5.367917752796223e-06
219,51.0552863990804,3.202886745074335,0.6931391805386118,-0.1853410284978617,0.0,0.0955822562696964,3.0334935922200685,8.729130824769332e-07
220,6.343933545063346,10.019066430900413,0.6928591529055732,-0.0648374912290196,0.0,0.0107432081674927,8.83969735617103,8.14935068708342e-06
221,25.150403232964,4.436286102714977,0.6849326630370529,-0.0643173313212292,0.0,0.0265557335331267,6.153976118522486,4.659744146680794e-07
222,8.849874144960404,7.046982938438823,0.6889091903146469,-0.0338704121186397,0.0,0.0082600194249603,10.525994982910186,1.2121200562924942e-06
223,34.544115633086264,3.0709783158434174,0.6894446086193584,-0.069691427816829,0.0,0.0463456351782,5.13673424121552,1.416464195920927e-07
224,5.3388335592212846,9.988039593002473,0.688722651213499,-0.0284426913083271,0.0,0.004634606773592,13.58566756223259,1.6080224836366118e-06
225,3.614645577948064,4.434122867499634,0.6913460990017393,-0.0656062782507977,0.0,0.0286757665535864,5.098707680140749,5.8601040843126485e-05
226,2.4207494394707414,7.061563499470864,0.6913460990017393,-0.0541033931974917,0.0,0.0146418715276669,6.30258297836988,0.0001542087685149
227,5.561896973979506,3.1297169078842115,0.6881388137135884,-0.1320636639743002,0.0,0.0767783704091703,4.029257559809406,2.671268990448072e-05
228,1.1774856365946138,9.978769418571288,0.6859298002523728,-0.0149308889791589,0.0,0.0020479756495031,9.043926105681908,0.0002337296140391
229,8.736126041966246,4.448311793010543,0.6859298002523728,-0.0808603306521857,0.0,0.0325060889878991,5.2114921530433485,1.1621360210919992e-05
230,2.366469487285242,7.033865559727837,0.6827430482038837,-0.0191669835692254,0.0,0.0053787312045475,10.07203907409224,2.3303609288348694e-05
231,13.029149075598724,3.1027819917944544,0.691994737783755,-0.1030637617579652,0.0,0.0654048613322691,4.167622240038232,5.074212315244823e-06
232,2.554247536751042,9.990289834833066,0.6885320764504561,-0.0319759163991912,0.0,0.0058987704674705,9.779620345481984,3.2926087723780486e-05
233,11.34037223817069,4.42597623080398,0.6885320764504561,-0.0546237291967568,0.0,0.0231929901401155,6.4929923685080535,2.408661599805791e-06
234,4.923634159569973,7.050904781943783,0.690833395474842,-0.0381599316454357,0.0,0.0087484770015444,9.994340141479707,5.055544223789821e-06
235,24.29938657984173,3.091659692597403,0.690833395474842,-0.0917476416383165,0.0,0.0596360082150091,4.304664248474612,5.208140875687937e-07
236,2.815184544574729,9.984494261893737,0.691994737783755,-0.0240587973720889,0.0,0.003923130388691,13.25880752964403,7.489895515874976e-06
237,34.64720619874978,4.450897870664999,0.6802920001921535,-0.0891293939116338,0.0,0.0397738941384592,5.187759720911805,3.701551845619105e-07
238,14.096991375817884,7.0606357398154,0.6851880420827186,-0.0520992305562331,0.0,0.0137392869915664,8.295342750299877,1.1355401761365894e-06
239,88.51099000061619,3.1179376561718617,0.678968036741767,-0.1381890777547602,0.0,0.102491198928936,3.0725007742869552,1.2163190732942508e-07
240,8.194552469297934,9.99507147185549,0.6796382396070921,-0.0371717063805532,0.0,0.0069649498054755,10.854123874917695,1.8010745675698852e-06
241,5.871768477182624,4.490003445316383,0.6881388137135884,-0.1287899992524163,0.0,0.0503571739162254,4.012908683698001,5.7294792991083474e-05
242,3.0692631875549496,7.082518883367964,0.683314913574166,-0.0749208003648043,0.0,0.0201718201259613,5.5507739056143945,0.0001644271295804
243,7.263789663783708,3.081906080168616,0.6730116670092565,-0.1111167762507085,0.0,0.0785657273170049,3.3613533495400167,3.1149197377895e-05
244,2.3742566686239748,10.039418645854164,0.6802920001921535,-0.0875052911150332,0.0,0.0148488847703615,6.32527330987829,0.0002218725968214
245,16.849377650408595,4.517410501300734,0.6556849848780457,-0.1476453265047589,0.0,0.0659927973094448,3.6010544181589825,1.123344862937024e-05
246,4.026910954908272,7.057137996379556,0.6868620016589055,-0.049184395153041,0.0,0.0126111460245405,7.75340286480855,2.290022285104807e-05
247,20.62432290418554,3.099313329214114,0.6859298002523728,-0.1231234164821933,0.0,0.0954998245100695,3.191776262899158,1.7179872883681389e-06
248,2.9208922781013764,10.00708086034448,0.6885320764504561,-0.0507551953036142,0.0,0.008123284740925,9.156591686142162,3.07321639216274e-05
249,19.90721325397611,4.456481736967303,0.6827430482038837,-0.0954461178887173,0.0,0.0423746874021023,4.845890197351029,1.5744188276553144e-06
250,4.7907832880013865,7.042951125991039,0.6696343095488462,-0.0324516966329492,0.0,0.0084983519396968,9.895671300738467,5.360144825373232e-06
251,32.103188829471385,3.0834434868408813,0.674600230714884,-0.1066345667282937,0.0,0.0841294873228658,3.5978087606073945,6.947472439293868e-07
252,5.289918865427691,10.007875353484854,0.6768585467349507,-0.0507804668689762,0.0,0.0088612871940446,9.520668282314032,7.10458375695203e-06
253,15.922937382708891,4.359466419803841,0.6859298002523728,-0.0356157951552498,0.0,0.0205109240655234,7.624791356675014,3.200040341986167e-07
254,8.354054391444059,7.026845592074637,0.6866350322126447,-0.0258508946201077,0.0,0.0078731747271646,10.773655402081392,1.0023162007841245e-06
255,36.37175274833233,2.942023221321423,0.6851880420827186,-0.0633245652103452,0.0,0.0649488762131969,4.700949178602314,6.915218654067297e-08
256,5.010375082265458,9.973037891216304,0.6870849202888889,-0.017097276062646,0.0,0.0037517474732257,13.977394562758995,1.5015006105671574e-06
257,2.1682075923458166,4.337504627861402,0.6730116670092565,-0.0106493526620346,0.0,0.0107903814952655,6.383197207049088,6.552929290228675e-05
258,1.3244869347807666,7.026476157801687,0.6881388137135884,-0.0245391769632013,0.0,0.0056783083971692,8.50826022566429,0.0001469461095666
259,4.014496492025097,2.9373526393360008,0.6859298002523728,-0.062380587580752,0.0,0.0686976083494627,4.396749788834796,1.7015434642767052e-05
260,1.2888622439227555,9.980046199962608,0.6640641265641081,-0.0224411331542886,0.0,0.0036692184750734,8.437258561034586,0.0002137039852245
261,4.704118386581752,4.358929122480205,0.6899437584583995,-0.0361563164154249,0.0,0.0207146448291341,7.023379062890863,6.072712245986144e-06
262,2.690887419058249,7.027205495421678,0.6868620016589055,-0.0276602494642891,0.0,0.0076835135148075,9.46691157241595,2.06668673703616e-05
263,14.17499139302311,2.975375816681016,0.6849326630370529,-0.085570520810896,0.0,0.0825190610433556,3.7265657764434126,2.237986316624028e-06
264,1.558161283923368,9.96281810152113,0.6838704590270674,-0.0061666304360402,0.0,0.0016110838824051,12.455038843402557,3.12529547292467e-05
265,7.1799153608504,4.348022574874018,0.6892701675539441,-0.0264588927023171,0.0,0.0160432557086036,8.046782600384253,1.3183874439237591e-06
266,4.065450142054867,7.017513290913136,0.6859298002523728,-0.0163395438140908,0.0,0.006009433690874,10.890937503060936,4.482265146149401e-06
267,9.8750936440316,2.914343020569727,0.6917945705986355,-0.0475130357243493,0.0,0.0474953300602631,6.465902312173856,3.88774139362699e-07
268,2.62272343192166,9.966032742617244,0.6849326630370529,-0.0110653727729905,0.0,0.002617131280853,13.615551788166533,7.285300697596168e-06
269,16.398454763379206,4.347875759237533,0.6859298002523728,-0.0368641235062577,0.0,0.0216006151658836,7.500535496660329,2.2417463241952607e-07
270,2.7629411219456568,14.125932047528924,0.6849326630370529,-0.0137289045744211,0.0,0.0017817644898794,18.822654283249957,2.2092853741773342e-06
271,5.988125742748972,7.0111020227774095,0.688722651213499,-0.0155868273083168,0.0,0.005091683427398,12.74213032652998,1.0415737591367136e-06
272,4.384885352430384,9.96937607115932,0.6859298002523728,-0.0140028688785558,0.0,0.0032212730846253,14.922733464532852,1.6580393991732122e-06
273,2.9690519158137514,4.35989922428751,0.6913460990017393,-0.0423079076215862,0.0,0.026464767281017,5.546389465690059,6.527123956823304e-05
274,1.2676987730753442,14.131099020513798,0.6913460990017393,-0.0196293175633017,0.0,0.0025747499548306,8.763082238007108,0.0002456166318761
275,2.965451714854872,7.08081625176375,0.6899437584583995,-0.0792549678033285,0.0,0.0209704239768356,5.692361633794079,0.0001224295193663
276,0.9528129131533746,9.951135155060538,0.6859298002523728,0.0006321625919125,0.0,8.203992162232685e-05,10.023357042233682,0.0001782702427816
277,4.62931984302591,4.328231606854198,0.6910977801629237,-0.0237962422308389,0.0,0.0146378952502991,7.061790970067673,7.801299284250823e-06
278,1.5538163237718832,14.134108571453218,0.6859298002523728,-0.0220288991574952,0.0,0.0025452871987342,12.528115722308904,4.08369299520078e-05
279,3.2222760476614987,7.02423813184673,0.6892701675539441,-0.0287155749518153,0.0,0.0096903342138455,8.64930747619017,1.952291220509379e-05
280,1.4319961563092007,9.96641796437729,0.6899437584583995,-0.0125874451908254,0.0,0.0023049959154691,13.073533665748188,3.128371675971585e-05
281,8.521692441478697,4.338848337215306,0.6877293893152671,-0.0288506916183667,0.0,0.0173758889727333,7.374849547221855,9.397645434786378e-07
282,2.240606176757807,14.133685331188824,0.6844097029195598,-0.0217799337681458,0.0,0.0026519484166972,14.759068343358082,8.880812910300282e-06
283,4.4218645546912745,7.022112366360647,0.6838704590270674,-0.0227152120346784,0.0,0.007165937170173,10.431671092289765,4.96580006136778e-06
284,2.2589864502576407,9.968852252313978,0.6915783599888489,-0.0125451250414553,0.0,0.0025182765368964,14.781616878449388,6.934220997948698e-06
285,0.0558476679093365,19.998270012498786,0.6696343095488462,0.0137570483412414,0.0,-0.0165629058098573,37.881382338861386,0.0
286,4.232070741256532,2.920473350377426,0.6505706766412187,-0.0084736330328813,0.0,0.016732355334068,5.528169284686807,1.591427659393867e-06
287,2.359952326903113,5.019331892809944,0.6239171260592478,0.0547503341431379,0.0,-0.0108948380029825,6.831270367709284,1.803207184408344e-05
288,8.858207359881906,16.40167504609279,0.5779217946828968,-0.0650582075972854,0.0,0.0655678012064548,4.494967180680432,0.0
289,9.474844981663662,2.4674306092024008,0.6670936741211575,-0.031136711364098,0.0,0.0331323212055098,3.3845797246834213,0.0
290,,,0.6891717106404252,,0.0,,,
291,,,0.6537306755430708,,0.0,,,
292,11.13744528546284,75.72778193543776,0.6869615765973234,-0.0475863999659699,0.0,0.0501465917975156,4.156427207730951,7.394145388446858e-07
293,,,0.5092172162715136,,0.0,,,
294,,,0.6924611526112329,,0.0,,,
295,50.607092721383545,127048.31871329749,0.6838375436747017,-0.0091416658407681,0.0,0.0124871020777625,15.93102802156242,1.9554380097759522e-13
296,151.8705750639246,17221.907547750492,0.6074344839870608,-0.0405918341070421,0.0,0.3287583797505302,2.063685279692605,5.906023766159463e-17
297,143.0945013006634,6437.15765322774,0.6074344839870608,-0.0392897941638403,0.0,0.3238091369789912,2.10754031143702,1.1200010152826578e-16
298,82.95861505384785,237.14644451116,0.6779471359178069,-0.0694691711630215,0.0,0.0938807774054684,1.963302690079113,4.26319312155052e-08
299,227.1904120820624,61.02727357120244,0.6931471805599453,-0.5721695289668595,0.0,0.4890767166832734,0.6291460324411867,4.766087792608928e-06
300,,,0.6537306755430708,,0.0,,,
301,9.80349763191939,31.28757772213176,0.6927389617440811,-0.0877592350431299,0.0,0.0832689452146584,2.2688204360560573,8.777438983101982e-06
302,2.6590356644409887,13.267223372576328,0.6708198443868175,-0.0195783662841412,0.0,0.0270435303039017,3.019935869905796,7.822501161594268e-05
303,9.805950547185684,31.246259713788596,0.6927389617440811,-0.0874689742546317,0.0,0.083009465582007,2.266698545144888,8.778411067631609e-06
304,0.3020237638223824,29.782967020693548,0.6748952737438281,0.0455081609383057,0.0,-0.0335876651923803,10.32455303281258,0.0001486721245546
305,,,0.271746445657239,,0.0,,,
306,17.746060121271935,4.4686289392339695,0.652825793916348,-0.273897265487856,0.0,0.1548790250623376,4.08644491721087,1.688893228455286e-06
307,501.9248640964316,4.060413458992461,0.6365141682948128,-0.8355489937490256,0.0,0.686393054320485,0.3835952094491396,6.778173641646461e-05
308,,,0.6474466390346325,,0.0,,,
309,,,0.647683798703623,,0.0,,,
311,1204.2886078383208,1162836.9336093217,0.6587255306511601,-0.0399289527395449,0.0,0.0744059123026678,1.9855259676496777,7.102860816884463e-14
312,218.01726270935893,924661.9017429476,0.3373826830820375,0.0913212586134571,0.0,-0.2084146064127198,2.598919890383052,7.58097355871881e-13
313,160.55655678478325,737666.5377931618,0.238436081158257,0.0679345314444192,0.0,-0.1818299863995353,2.591506057520266,7.651013020859285e-13
314,2141.807061376712,27.85727447086156,0.4430239661443075,-0.3863732407510304,0.0,0.3631799895476639,1.7736348103309192,2.1380124492443063e-10
315,15.734969124913022,108.47377099457331,0.4505612088663046,-0.0499259838393271,0.0,0.0583796616181148,4.054413795011202,3.816114769952868e-06
316,17.16656461692497,142.16025532664042,0.6917614988524178,-0.0815398051346704,0.0,0.1331434183393598,1.434643038123175,6.927014764466333e-06
317,299.3173864037848,3.605695742021751,0.6929926773634443,-0.0878522346218925,0.0,0.0370984893736155,5.149301418197065,3.1491780763854716e-09
318,98.92967083531924,4.370998982703919,0.6921598191951595,-0.1028183718686198,0.0,0.0325279732602443,5.630043851714597,8.181646443783215e-08
319,,,0.6479879653974252,,0.0,,,
320,258.2392910993587,12.929363700047787,0.1700044097487171,-0.0271746136987424,0.0,0.0304852274778626,3.1622834866386023,3.837958525047162e-09
321,5.748572529667678,53.57948971017012,0.6803853852615318,0.0047506789984,0.0,0.0035286446806997,5.808750258275704,2.88228330680094e-07
322,9.520395415413448,34.473904629373536,0.6920129648318738,-0.023178240614614,0.0,0.0310651232655348,3.376562705248141,9.612812513850824e-07
323,1.72103820502317,7.339171964375668,0.5941300227248385,-0.2187472408872431,1.0,0.0381568799264034,3.761090497080152,0.0026797110928755
324,43.43977480180318,106.91087334585308,0.673932767868794,-0.2752834952799073,0.0,0.2286036582222993,1.1947602655053344,0.0
325,21.49355825801077,4.9293201808561,0.6886664154690998,-0.2488513380972661,0.0,0.1114185551061665,2.540731935059623,3.928518819893319e-05
326,194.0561837898798,20491.19921771262,0.5812017320882035,-0.5356005548689156,0.0,0.5384732421472286,0.8274536156904303,0.0
327,9.556927819690834,77.08625017476662,0.6919373402520164,-0.061281906926572,0.0,0.0407835076512817,2.046969545824001,0.0
328,,,0.3300481606041079,,0.0,,,
329,162.65065094862004,1372.493499097468,0.3250829733914482,-0.0258793676699382,0.0,0.0495659033839849,1.5364298462333004,1.8419644157531534e-07
330,271.55444638601165,1.0287004520043628,0.3250829733914482,-0.3652922426677905,0.0,0.1766553480190628,1.2919902243490151,6.898883785915749e-07
331,100.53604989770194,28.69587280757858,0.3250829733914482,-0.0249951770227195,0.0,0.0344587118683975,2.290620979194425,7.921235599328968e-07
332,337.55812936487723,4948.115414050718,0.3250829733914482,-0.1056260144103811,0.0,0.095542059554266,0.725676443553585,3.966531361745277e-10
333,54.57903357970523,16.997364729521486,0.3250829733914482,-0.0530945516112667,0.0,0.0227067515759819,3.409759788528858,1.5852524271148663e-06
334,438.03291220649606,657.4062540291446,0.3250829733914482,-0.5128220144085731,0.0,0.2902066277670709,1.0775998844396308,3.663592206659114e-07
335,1.269045013315255,9.253538047874368,0.6274370336771098,-0.0206824589630009,0.0,0.0025146124301836,8.429795659497339,0.0002941512662676
336,0.0932680693920616,2.6941041023766044,0.6929142552752339,0.0087659743821384,0.0,-0.0031136310312171,77.05146101869742,0.0
337,0.2431116881467218,2.682142754186816,0.6931457962884989,0.0025221873799257,0.0,-0.0008732427498806,49.59749855386534,0.0
338,0.1739756707454686,2.6904025863148235,0.6931211145695435,0.0081325405519364,0.0,-0.0030065756675229,56.32445707776376,0.0
339,7.235174413540789,3908.306532156488,0.6931471805599453,-0.0088418798981108,0.0,0.0338240786500246,2.7384003463254407,1.511475303382722e-08
340,1030.9240687093966,5.019994656686731,0.6925010959051001,-0.3969790686687865,0.0,0.1222554531668618,2.786062972068696,1.96888242846403e-08
342,2.0783205181347304,64.05846333140825,0.6931471805599453,-0.0135602318475976,0.0,0.0198133638449346,5.782537355832063,1.0482485316658915e-06
343,4.581039775013259,99.51250489446112,0.6931391805386118,-0.0059805620098041,0.0,0.0071190237797155,9.600959390287596,6.49802802898453e-08
344,841.4285714285714,3.3860376166458037,0.6365141682948128,-0.2290197777461583,0.0,0.0618873143861497,3.668570672649392,9.472345212654154e-09
345,249.15238128683492,48.26086229702349,0.3289751280163666,0.0066307622414985,0.0,0.0204415343937345,2.482871808274667,7.271837324576697e-08
346,119.8370238783127,4519.20937643857,0.3301518829157219,-0.1511606431827082,0.0,0.5426016698047293,2.8359574731857133,0.0
347,17.93592820457917,1198.2027654972303,0.6365141682948128,-0.2178384073871887,1.0,0.2388052092590457,0.9480644542886224,0.000108190969054
348,,,0.6880906907439779,,0.0,,,
349,,,0.6931470483905776,,0.0,,,
350,932.3781087241072,169.17238298174232,0.3339469899145879,-0.0303790273044106,0.0,0.0600223827386557,1.5325081375426264,3.317617373034026e-09
351,0.3550003580775706,13.31918655341711,0.66381251797752,0.0187171069483239,0.0,-0.0125411266266778,18.770544077309594,3.1850675205215865e-06
352,0.5065050017470668,2036.7174195861328,0.6809991432654108,0.0001585779558486,0.0,-0.001893139119914,20.301072090912346,3.2214866254603256e-07
353,0.028503468407289,97.73908413240984,0.6930191750980527,0.0016591250176268,0.0,-0.002270780415856,120.81428399343166,7.47934724320898e-08
354,400.84625604279046,94.15614566760476,0.6383919834212977,0.1120954927745843,0.0,0.0076090260753657,4.986587959334448,1.6385871142426476e-10
355,0.3420949745284201,20.073746128345263,0.6931471805599453,0.0002505749249008,0.0,-0.0002103868202611,97.24481663484045,3.3350974922867615e-10
356,3.4246267951751608,1597.2794401714702,0.6925915220779792,-0.0314942815696536,0.0,0.0300759067851739,2.9941867469603864,3.806228103106252e-06
357,0.5845061296425886,2.7095364433674587,0.6011538111794036,0.0112071258390044,0.0,-0.0065364205483874,10.9963089084418,0.0
358,17.334326244544656,3.588304862587852,0.5598915082116096,-0.2316845865736811,0.0,0.0748892570571003,3.815454249315993,0.0
359,7.099000136540968,23.019598707565827,0.6931471805599453,-0.0404297771840854,0.0,0.0483123043159822,4.60439815101428,1.7954352301472697e-06
360,4.232070741256383,2.920473350377426,0.6505706766412187,-0.0084736330328814,0.0,0.0167323553340679,5.528169284677652,1.591427659393867e-06
361,53.73263191642523,0.7588594395666014,0.6931471805599453,-0.20210219491362,0.0,0.1716474505823806,2.0215240415348537,4.385660175272516e-08
362,2.972734386133796,11.01389747056172,0.6875967375909238,-0.1972879400121228,0.0,0.1357758641333484,3.2788297714717363,0.0005702931076294
363,2.117904859944529,19.041661514256266,0.6919373402520164,-0.059900444269861,0.0,0.0557574545164014,4.922636790621302,0.0001231582948964
364,143.45845216908663,133.3694252087264,0.6931166626713718,-0.0331977137417731,0.0,0.0179212769967622,7.374734788463535,1.666573838392749e-09
365,443.07025404414986,3.824651326641257,0.6931375245764124,-0.1166609232378466,0.0,0.0551318411025196,4.207740867647427,2.434671874018074e-09
366,19.53592460345417,3.865997631873814,0.6926971130356336,-0.246113744877318,0.0,0.083913823245825,3.156958860825524,1.7976709240994387e-05
367,8.043422619812375,1.489259049112864,0.6799406565303493,-0.1907955103676223,0.0,0.1019924243083952,2.8266329631136,7.959829385519168e-05
368,1.4632139365848804,190.7841340985451,0.6870636031644224,-0.0029842762285478,0.0,0.003943018304318,31.91646995257891,0.0
369,6.921438219917965,829.912714189912,0.6802920001921535,-0.0774549893059844,0.0,0.0879193706613025,2.1493972785008726,3.314942937544413e-05
370,35.359854059615245,277.2072172916471,0.6931471805599453,-0.2714597559013595,0.0,0.3089672011674781,1.027914852806314,2.451108204242258e-05
371,97.24997421851836,22.95018284223524,0.6918966592050799,-0.6905332226490384,0.0,0.5588686385328785,0.5688265124513157,0.0002403962559919
372,0.4265218226097682,23.77777569571621,0.6931471805599453,0.0087414660646977,0.0,-0.0096297413154417,10.95405393228704,1.2400626308467225e-05
373,4.805076818577993,705.1757774344485,0.6774944044487072,-0.0455214727339781,0.0,0.0611500635517043,2.5313511824361843,6.587410886278235e-06
374,154.3090223706062,61.5566238969633,0.6918966592050799,-0.5908121037117275,0.0,0.4482238162222999,0.7927424122072246,1.3837482456139048e-05
375,10.474857746251445,18.71598724389383,0.6893616831435102,-0.1577784205649813,0.0,0.143897190671241,1.7602286140648735,5.722302553581998e-05
376,117.42441794620804,8.946185520285983,0.6653110162809015,-0.25597838484043,0.0,0.2440484981636196,1.1857545935898657,2.8859523667957237e-06
377,122.92313271803025,40.14965194530584,0.6851900368105215,-0.2736215772108977,0.0,0.183791427041296,1.8762682610343653,6.223935202968278e-07
378,343.61996539526655,70.548828125,0.6869615765973234,-0.653283841479287,0.0,0.5694353589614651,0.53503252953193,2.0777925531914894e-06
379,221.00858942233052,18.723324515128496,0.6931300143240232,-0.1383459473189298,0.0,0.1516633648719242,1.708049440505112,0.0
380,11.890286989759044,17.894179894179892,0.6853142072764582,-0.1402263427475562,0.0,0.1308591971671739,1.6526030330378134,4.101554489151388e-05
381,,,0.6922991899717659,,0.0,,,
382,5.460126728742754,22643978.6214828,0.5763341277567499,0.0047829394711302,1.0,-0.0242784593258468,1.6233081499575823,4.887867077410656e-06
383,83.05706610425922,162.51795204143093,0.410116318288409,0.0768681991038989,0.0,-0.0669868764789299,2.480435828509897,5.542771065099881e-09
384,3.4001993636859518,3.765282708270128,0.678602909931348,-0.0175122301528687,0.0,0.0047313188153392,12.799072340313144,3.7434829169234274e-06
385,14.86571865168405,2.536812584011169,0.5362927691098188,-0.1554085468101128,0.0,0.0733141188031185,2.6420749360514963,0.0001019991840065
386,9.151801831533904,8465.037177508253,0.6818546087307834,-0.1671675450503531,0.0,0.3095981385168161,1.253163283134341,1.6584132004009827e-06
388,,,0.6910645689482917,,0.0,,,
389,0.0012438831044457,756204.0812962297,0.6862107122427636,0.02354746863391,0.0,-0.0356986790879482,146.80539768127068,2.397328467678405e-06
390,70.43098087301045,144.90719147831683,0.6923469670899615,-0.6399893583231953,0.0,0.4977642636518581,0.7037415952056346,0.0001010978139512
391,13.005683170550835,2329.539121630696,0.667431707658747,-0.0410522497374721,0.0,0.0596875008496727,2.061309145168359,2.6297235065445693e-06
392,1.216484157813534,93.76787259414508,0.6931471805599453,-0.0773453943261351,0.0,0.1095404120329159,7.369993422930248,5.936950085318296e-06
393,28.495069401784765,20.45588899686817,0.6912717888263618,-0.1187215528327625,0.0,0.1136417817764576,1.9485178344304728,0.0
394,43.81543197537924,44.411968869118304,0.5669425810423865,-0.4690092175597556,0.0,0.4530903805149779,0.913378520770041,3.106037477260505e-05
395,165.3693471202874,22.254135106610867,0.6448042577208648,-0.6266718619344788,0.0,0.555501670029065,0.6230167664783044,0.0
396,70.01175730178502,289.30455279769654,0.6571577614973405,-0.4961572884093621,0.0,0.5129735750845159,0.696357440145577,6.177404236407051e-06
397,3.052998943963679,9.855464527771682,0.6916031758694977,-0.0551292391978633,0.0,0.0506377943701286,3.037178129358226,0.0001975930793413
398,2.506337670624235,13.875540543561188,0.6917614988524178,-0.0310534485934694,0.0,0.023230514179269,3.3945838951092946,7.697510964256792e-05
399,1.0516839999273229,1256957.8754032336,0.6886051523183013,-0.0154714950622151,0.0,0.016305489617547,4.275821729869121,2.477231659947436e-07
400,28.652442389480026,94927.62603089576,0.4029413578669423,-0.600403092343667,1.0,0.6036281624562254,0.690959955740736,4.807899118947629e-06
401,8.041139468513704,69223.18749739853,0.6682484776645385,-0.0160203978643467,1.0,0.0783238281614606,1.2190376461815222,2.8971284228576278e-08
402,0.0069808302600185,12.660435950226695,0.6839884329677817,0.0141811517833684,0.0,-0.0221408047285233,61.41122560992459,8.208845453058489e-05
403,1.6310262160934743,1666.2701676026743,0.6925314801644661,-0.0033937003263269,0.0,0.0025347266031002,6.721263956116704,1.4058079051678217e-07
404,13.139407002624433,39.31455449928697,0.6931471805599453,-0.1757511229764886,0.0,0.1104138938350213,2.017043324562878,8.865589687702004e-05
405,22.231341707252994,3457.400232812716,0.6820148175994905,-0.2006780865132122,0.0,0.2487204631901866,1.0134816109590328,6.503816279824093e-06
406,0.8110671878404155,88.23829602386317,0.6930082852403007,-0.0035436818519239,0.0,0.014052685880519,6.452402995742732,0.0
407,7.472637307079123,53.40459666177841,0.6881388137135884,-0.1314810888189649,0.0,0.0967618125492886,2.5121599207120253,5.776488743460568e-05
408,16.882303243693304,7.7538101044866385,0.6925525323607232,-0.1392663809884199,0.0,0.1038192010515115,2.0349821761698395,1.4874690523725204e-05
409,55.54429461863881,32.49686272974886,0.6365141682948128,-0.5627746028326494,1.0,0.5644858211761892,0.705853355142976,8.09643782432233e-05
410,23.428552699228163,53.8090110045601,0.6655035440134902,-0.266112986099719,0.0,0.2844889847678057,1.04278679142667,2.8878756198398964e-05
411,5.1295944131858136,5.080236809371421,0.5154250939514233,-0.1379367937727546,0.0,0.1842161724672564,2.776011888210996,4.532378358159696e-05
412,123.41226242598626,33.445846012147825,0.629806419436397,-0.5998549258138361,0.0,0.5739315274204108,0.4037607175034968,0.0
413,9.556927819690834,77.08625017476662,0.6919373402520164,-0.061281906926572,0.0,0.0407835076512817,2.046969545824001,0.0
414,1.4632139365848804,190.7841340985451,0.6870636031644224,-0.0029842762285478,0.0,0.003943018304318,31.91646995257891,0.0
415,0.3798672728947249,1.78328165532394,0.6923469670899615,-0.0034679777394569,0.0,0.0033725570476995,14.297691435505378,1.0554154041943724e-05
416,19.98070361575141,21.948481965595768,0.6901856760188042,-0.309983247044877,0.0,0.3018702413183091,1.2406245990843054,4.120701129940686e-05
417,58.22673723142152,143.0850108453275,0.6884846511016331,-0.2136043699957795,0.0,0.1911620532919014,1.665771708514797,3.514727123167565e-07
418,494.04672018213336,59.37555640824572,0.5287411938874718,-0.4086290198692597,0.0,0.638511011522036,0.8932557675876618,8.230165764460876e-09
419,3.5306136709022007,3.324744835135431,0.1044761296101134,-0.1167513616702992,1.0,0.1112482196233232,2.750565244937121,0.0
420,7.197632491388989,3.753539053555202,0.0298305900619938,-0.1337670729812491,1.0,0.2442425820016509,1.631856290801572,0.0
421,6.004452460055308,1.8323418460242704,0.6908803044104659,-0.0579953831632357,0.0,0.0301424569014513,5.685775044966327,1.3349294736099642e-05
422,25.021409743731155,5.410688963839975,0.3952242660488051,0.1286031634771019,0.0,-0.0398720762179488,2.9893463638971567,3.1541709913652035e-06
423,46.84937705789327,12902658.00759006,0.6931148083609359,-0.017518294060154,0.0,0.0280336531694067,6.408992467896048,1.025859231025462e-13
424,296.2622845662544,486.37881314474095,0.6705230209876485,-0.0848761298197173,0.0,0.1974828583951869,2.041267986171338,0.0
425,14.715601819390914,3.964252376151972,0.5085984133880677,0.1167239094432049,0.0,-0.0052483494349795,2.8991660876809817,0.0
426,24.30648854058072,75.38908061352564,0.5854409522174424,0.0971282664204177,0.0,-0.0314921162604492,2.590423100591892,4.130408560671386e-06
427,66.37739590577712,21836.739982953084,0.3328745941196378,-0.0814180431566361,0.0,0.107569004891161,1.0401338144296348,7.35151960036043e-07
429,1.518292599602342,6.294687745031705,0.276190922407075,-0.0306295174300889,1.0,0.0165312996573304,3.5710011315529857,0.0010647942749998
430,,,0.6864755255818468,,0.0,,,
431,,,0.6901856760188042,,0.0,,,
432,,,0.5310542528871021,,0.0,,,
433,109.65818104807089,33.76816427393523,0.6927726185565874,-0.1745278744272778,0.0,0.1362539788245595,2.7753077040722367,5.29561140163303e-08
434,6.05398096861658,23.805845042980845,0.6060444985810216,-0.1168527404736282,0.0,0.0754643669298086,8.855929859123279,1.6593040064280372e-07
435,29.102983023196,433.81957030511904,0.6931151802186033,-0.0377662823639013,0.0,0.1113742912681848,2.397437136494717,5.573420218999152e-09
436,0.2622397964977981,20.894686617762005,0.6438921644337414,-0.0059431080217279,0.0,0.0016298024313111,21.231445526931893,0.0
437,234.40904316442152,30.531553343027632,0.6818546087307834,-0.4913103134128069,0.0,0.4144965805336806,0.8696553078216783,1.5172038893123223e-06
438,15.031687458754329,3.408940967555439,0.6452881308007814,-0.0561554649958026,0.0,0.0159338632016389,7.572375730699248,2.268199896026751e-06
439,291.6309162806317,65.79223709104954,0.6570185524324769,-0.6550027585029651,0.0,0.5745858687174791,0.511370000817897,6.410994608437085e-06
440,4.628586781086523,2.064892498452793,0.678273896048092,-0.0194734669564325,0.0,0.0217756264830166,5.955356500718652,0.0
441,,,0.2530369754479396,,1.0,,,
442,1.9232345530320905,221.36661584419525,0.5706196572066369,-0.0153162368332109,0.0,0.019360414701076,15.961388670726198,1.168571152880242e-07
443,11.638775451223196,31.271233707952817,0.6221611118996319,-0.0039278037827526,0.0,0.0190315578936787,2.6928371037769434,3.9402794146106975e-06
444,19.98070361575141,21.948481965595768,0.6901856760188042,-0.309983247044877,0.0,0.3018702413183091,1.2406245990843054,4.120701129940686e-05
445,320.0753155612971,4.932092884568136,0.69280088019564,-0.4134931015521941,0.0,0.3384863386053449,0.9568426438243374,0.0
446,1.845041615383214,9946169.008083235,0.4060964211126113,-0.1326160332164123,1.0,0.504972349974026,2.346428060460964,1.137815043699257e-07
447,3.22960767477832,120.34599370513877,0.6921323091505793,-0.0398222789921179,0.0,0.0442338356550317,5.138339323731992,3.790229785939885e-06
448,2.38032368349957,4.941625890093339,0.6928888938590294,-0.0117239657235475,0.0,0.011960085970193,5.524952745032907,1.318296479774688e-06
449,59.45324969149743,75.50264167442847,0.6896493450378145,-0.2408043040370266,0.0,0.1919823770188222,2.1307357596959635,7.99762713091753e-08
450,1.555831546495041,3.798770674511032,0.6885426234367296,-0.0347697739264766,0.0,0.0333775209554587,6.0244059726117145,5.569336475589626e-06
451,6.058122517248589,1.9069436401941264,0.4895518936229288,-0.1066480022669018,0.0,0.040413430459213,3.489775977052966,0.0002693740118805
452,19.17084786229914,31.03986850347841,0.6670936741211575,-0.3634137222339308,0.0,0.2814167294731982,1.2730246762118895,0.0001842815860371
453,6.771364333972843,33.153238877403886,0.6881283578454834,-0.0246106306629695,0.0,0.0305154517762291,29.035085968798064,2.830351800830748e-11
454,160.9009628491154,4.5966851755980604,0.667021110783824,-0.563546558098828,0.0,0.251491285613414,1.5090271067778842,5.57339040485108e-06
455,77.06872635771246,4.432572699114248,0.3046360973492381,-0.3720827772725816,0.0,0.1873658403068014,2.0728844579653205,1.0740932826659225e-06
456,,,0.4258232761197764,,0.0,,,
457,274.65092717638487,11.857037746421174,0.6399684986794123,-0.1206980469852865,0.0,0.0557504710372459,3.935919685219128,3.6995869843808714e-08
458,4.34794573538988,76.93550930258958,0.671703461450141,-0.0416390138640067,0.0,0.0329248756306624,3.401463906045426,0.0001133034715513
459,1863.6791767618345,28.25166624122944,0.6910263529936713,-0.2905183696779824,0.0,0.1740800473590059,1.7873383799420692,2.545781675639796e-09
460,5.980242685340691,2.059840130644797,0.6929002466535776,-0.1825213464791388,0.0,0.1353781273309486,2.4747324094981376,0.0003052673563172
461,93.67076911639128,414.22412997887136,0.6725534572732237,-0.2178707600078363,0.0,0.226531042728056,1.023878749242289,4.977395629378109e-07
462,6.470048530468384,775.0868115382633,0.6905410258652528,-0.0115607418468972,0.0,0.0161555062052782,4.326589051821198,3.71089995235819e-07
463,389.6216157385827,6048.427816268407,0.2022730017974363,-0.9607831555187164,1.0,0.9338324592879492,0.135168616178953,0.0309857648026886
464,5.309956646503666,1498.9688758782372,0.6923469670899615,-0.037037101711977,0.0,0.0334059661442709,2.459981027268244,1.2524935620293747e-06
465,12.698497643244796,46.19940011834525,0.0610470380395934,-0.1130442777798948,1.0,0.206040020260369,0.4875867053452994,3.190796821612723e-05
466,24.48225441603668,4.920007763608869,0.6753469676511341,-0.3233688661986356,0.0,0.2127356644427978,1.766688644070692,0.0001254498780179
