dataset,best_node.mean.relative,best_node.sd.relative,elite_nn.mean.relative,elite_nn.sd.relative,linear_discr.mean.relative,linear_discr.sd.relative,naive_bayes.mean.relative,naive_bayes.sd.relative,one_nn.mean.relative,one_nn.sd.relative,random_node.mean.relative,random_node.sd.relative,worst_node.mean.relative,worst_node.sd.relative
1,4.0,4.0,3.0,7.0,6.0,3.0,5.0,2.0,7.0,1.0,2.0,6.0,1.0,5.0
2,6.0,3.0,2.0,2.0,7.0,4.0,5.0,6.0,3.0,1.0,4.0,7.0,1.0,5.0
3,6.0,6.0,4.0,7.0,7.0,3.0,5.0,4.0,3.0,5.0,1.0,2.0,2.0,1.0
4,6.5,2.0,6.5,2.0,3.5,5.0,5.0,6.0,1.0,7.0,3.5,2.0,2.0,4.0
5,4.0,2.0,1.0,7.0,7.0,4.0,2.0,5.0,6.0,6.0,4.0,2.0,4.0,2.0
6,4.0,2.0,1.0,7.0,7.0,5.0,2.0,4.0,6.0,6.0,4.0,2.0,4.0,2.0
7,4.5,2.0,1.0,7.0,7.0,4.0,2.0,5.0,4.5,6.0,4.5,2.0,4.5,2.0
8,4.0,4.5,1.0,1.0,4.0,6.0,4.0,4.5,2.0,3.0,7.0,2.0,6.0,7.0
9,4.0,6.0,3.0,7.0,7.0,2.0,5.0,4.0,6.0,3.0,1.0,5.0,2.0,1.0
10,5.0,6.0,4.0,2.0,6.0,5.0,3.0,7.0,7.0,4.0,1.0,1.0,2.0,3.0
11,3.0,3.0,4.5,4.5,2.0,6.0,1.0,7.0,4.5,4.5,6.5,1.5,6.5,1.5
12,2.0,2.0,3.0,3.0,4.0,4.0,5.0,5.0,6.0,6.0,1.0,1.0,7.0,7.0
13,6.0,2.0,5.0,6.0,7.0,3.0,1.0,4.0,4.0,7.0,3.0,1.0,2.0,5.0
14,1.0,3.0,5.0,2.0,7.0,5.0,2.0,6.0,6.0,7.0,4.0,1.0,3.0,4.0
15,2.0,2.0,3.0,3.0,4.0,4.0,5.0,5.0,6.0,6.0,1.0,1.0,7.0,7.0
16,2.0,2.0,3.0,3.0,4.0,4.0,5.0,5.0,6.0,6.0,1.0,1.0,7.0,7.0
17,2.0,2.0,3.0,3.0,4.0,4.0,5.0,5.0,6.0,6.0,1.0,1.0,7.0,7.0
18,4.0,4.0,3.0,5.0,6.0,2.0,1.0,7.0,2.0,6.0,6.0,2.0,6.0,2.0
19,2.0,7.0,1.0,5.0,6.0,3.0,7.0,4.0,3.5,6.0,3.5,2.0,5.0,1.0
20,6.0,2.0,6.0,2.0,3.0,7.0,4.0,6.0,6.0,2.0,1.0,4.0,2.0,5.0
21,4.0,4.0,2.0,6.0,6.0,2.0,1.0,5.0,3.0,7.0,6.0,2.0,6.0,2.0
22,7.0,3.0,2.0,4.0,4.0,7.0,1.0,5.0,3.0,6.0,5.5,1.5,5.5,1.5
23,7.0,5.0,2.0,3.0,6.0,6.0,1.0,7.0,3.0,4.0,4.5,1.5,4.5,1.5
24,5.0,3.0,5.0,3.0,5.0,3.0,1.0,7.0,2.0,6.0,5.0,3.0,5.0,3.0
25,2.0,2.0,3.0,3.0,4.0,4.0,5.0,5.0,6.0,6.0,1.0,1.0,7.0,7.0
26,7.0,2.0,6.0,3.0,2.0,4.0,4.0,5.0,3.0,6.5,1.0,1.0,5.0,6.5
27,3.0,5.0,4.0,1.0,6.0,6.0,7.0,4.0,5.0,7.0,1.5,2.5,1.5,2.5
28,3.5,6.5,1.0,5.0,6.0,3.0,7.0,2.0,5.0,4.0,3.5,6.5,2.0,1.0
29,3.5,1.0,3.5,3.0,7.0,6.0,6.0,7.0,5.0,5.0,2.0,4.0,1.0,2.0
30,5.0,6.0,3.0,2.0,7.0,5.0,1.0,4.0,6.0,7.0,3.0,2.0,3.0,2.0
31,1.0,1.5,3.0,3.0,5.0,7.0,2.0,5.0,6.0,1.5,7.0,4.0,4.0,6.0
32,2.0,2.0,3.0,3.0,4.0,4.0,5.0,5.0,6.0,6.0,1.0,1.0,7.0,7.0
33,6.5,2.5,6.5,2.5,5.0,7.0,1.0,5.0,3.0,6.0,4.0,1.0,2.0,4.0
34,2.0,2.0,3.0,3.0,4.0,4.0,5.0,5.0,6.0,6.0,1.0,1.0,7.0,7.0
35,3.0,7.0,1.0,3.0,7.0,4.0,6.0,5.0,5.0,6.0,3.0,1.5,3.0,1.5
36,6.0,2.0,4.0,5.0,3.0,4.0,1.0,6.0,2.0,7.0,6.0,2.0,6.0,2.0
37,7.0,4.0,4.0,5.0,2.0,3.0,6.0,6.0,5.0,7.0,3.0,1.0,1.0,2.0
38,6.0,2.0,4.0,7.0,3.0,6.0,1.0,4.0,2.0,5.0,6.0,2.0,6.0,2.0
39,3.0,3.0,2.0,7.0,7.0,4.0,6.0,5.0,1.0,6.0,4.0,1.0,5.0,2.0
40,2.0,2.0,3.0,3.0,4.0,4.0,5.0,5.0,6.0,6.0,1.0,1.0,7.0,7.0
41,5.5,2.5,3.0,7.0,5.5,2.5,1.0,6.0,2.0,5.0,5.5,2.5,5.5,2.5
42,1.0,1.0,2.0,2.0,3.0,3.0,4.0,4.0,5.0,5.0,6.0,6.0,7.0,7.0
43,6.5,1.5,6.5,1.5,5.0,6.0,2.0,7.0,3.0,4.0,1.0,3.0,4.0,5.0
44,7.0,4.0,3.0,2.0,4.0,6.0,6.0,7.0,5.0,5.0,2.0,1.0,1.0,3.0
45,5.5,4.5,5.5,4.5,3.0,1.5,7.0,3.0,4.0,6.0,2.0,7.0,1.0,1.5
46,6.0,4.0,5.0,5.0,7.0,6.0,1.0,3.0,2.0,7.0,3.5,1.5,3.5,1.5
47,2.0,2.0,3.0,3.0,4.0,4.0,5.0,5.0,6.0,6.0,1.0,1.0,7.0,7.0
48,6.0,4.0,3.0,5.0,7.0,2.0,5.0,7.0,4.0,3.0,1.0,1.0,2.0,6.0
49,6.0,5.0,3.0,7.0,4.0,6.0,5.0,4.0,7.0,3.0,1.5,1.5,1.5,1.5
50,2.0,2.0,3.0,3.0,4.0,4.0,5.0,5.0,6.0,6.0,1.0,1.0,7.0,7.0
51,6.0,5.0,4.0,7.0,6.0,5.0,3.0,2.0,2.0,3.0,1.0,1.0,6.0,5.0
52,3.0,4.0,5.0,2.0,6.0,7.0,7.0,6.0,1.0,1.0,4.0,5.0,2.0,3.0
53,1.0,5.0,7.0,1.0,3.0,6.0,2.0,3.0,6.0,7.0,4.0,2.0,5.0,4.0
54,5.0,3.0,2.0,6.0,6.0,4.0,1.0,7.0,7.0,5.0,3.5,1.5,3.5,1.5
55,5.0,5.0,3.0,7.0,7.0,3.0,4.0,6.0,6.0,4.0,1.5,1.5,1.5,1.5
56,5.0,5.0,3.0,7.0,7.0,3.0,4.0,6.0,6.0,4.0,1.5,1.5,1.5,1.5
57,2.0,2.0,3.0,3.0,4.0,4.0,5.0,5.0,6.0,6.0,1.0,1.0,7.0,7.0
58,4.0,6.0,3.0,4.0,1.0,7.0,7.0,3.0,2.0,5.0,5.5,1.5,5.5,1.5
59,2.0,7.0,1.0,6.0,3.0,5.0,7.0,3.0,6.0,4.0,4.0,1.0,5.0,2.0
60,4.0,6.0,2.0,7.0,1.0,5.0,7.0,3.0,3.0,4.0,5.0,1.0,6.0,2.0
61,1.5,6.5,1.5,6.5,5.0,4.0,7.0,1.0,6.0,2.0,3.0,3.0,4.0,5.0
62,3.5,2.5,3.5,2.5,6.0,5.0,7.0,7.0,5.0,4.0,1.0,1.0,2.0,6.0
63,2.0,2.0,3.0,3.0,4.0,4.0,5.0,5.0,6.0,6.0,1.0,1.0,7.0,7.0
64,2.0,2.0,3.0,3.0,4.0,4.0,5.0,5.0,6.0,6.0,1.0,1.0,7.0,7.0
65,1.0,1.0,2.0,2.0,3.0,3.0,4.0,4.0,5.0,5.0,6.0,6.0,7.0,7.0
66,6.5,2.0,3.0,5.0,6.5,1.0,5.0,4.0,4.0,3.0,2.0,6.0,1.0,7.0
67,2.0,2.0,3.0,3.0,4.0,4.0,5.0,5.0,6.0,6.0,1.0,1.0,7.0,7.0
68,7.0,2.0,4.0,4.0,6.0,6.0,3.0,5.0,5.0,3.0,1.0,1.0,2.0,7.0
69,6.0,2.0,3.0,4.0,4.0,6.0,1.0,5.0,2.0,7.0,6.0,2.0,6.0,2.0
70,1.0,6.0,2.0,4.0,7.0,3.0,6.0,5.0,5.0,1.0,3.0,7.0,4.0,2.0
71,4.0,7.0,1.0,4.0,7.0,1.0,6.0,2.0,2.0,6.0,3.0,3.0,5.0,5.0
72,5.0,6.0,1.0,7.0,7.0,3.0,6.0,5.0,4.0,4.0,2.5,1.5,2.5,1.5
73,4.0,4.0,3.0,6.0,6.0,5.0,5.0,3.0,7.0,7.0,1.0,2.0,2.0,1.0
74,7.0,4.0,4.0,5.0,5.0,6.0,6.0,7.0,3.0,3.0,1.0,1.0,2.0,2.0
75,2.0,2.0,3.0,3.0,4.0,4.0,5.0,5.0,6.0,6.0,1.0,1.0,7.0,7.0
76,6.5,1.5,6.5,1.5,5.0,3.0,4.0,7.0,3.0,6.0,2.0,5.0,1.0,4.0
77,3.5,5.0,3.5,5.0,5.5,7.0,7.0,5.0,5.5,3.0,1.0,1.0,2.0,2.0
78,7.0,4.0,5.0,3.0,6.0,5.0,4.0,7.0,1.0,6.0,3.0,1.0,2.0,2.0
79,7.0,4.0,6.0,5.0,5.0,7.0,3.0,6.0,1.0,3.0,4.0,2.0,2.0,1.0
80,5.0,5.0,2.0,7.0,4.0,3.0,1.0,6.0,3.0,4.0,6.5,1.5,6.5,1.5
81,2.0,2.0,3.0,3.0,4.0,4.0,5.0,5.0,6.0,6.0,1.0,1.0,7.0,7.0
82,6.0,4.0,2.0,7.0,7.0,6.0,1.0,3.0,3.0,5.0,4.5,1.5,4.5,1.5
83,2.0,2.0,3.0,3.0,4.0,4.0,5.0,5.0,6.0,6.0,1.0,1.0,7.0,7.0
84,5.0,5.0,4.0,7.0,6.0,4.0,1.0,6.0,7.0,3.0,3.0,2.0,2.0,1.0
85,6.0,6.0,4.0,3.0,7.0,4.0,5.0,7.0,3.0,5.0,1.5,1.5,1.5,1.5
86,3.5,2.5,3.5,2.5,7.0,5.0,6.0,6.0,1.0,7.0,3.5,2.5,3.5,2.5
87,2.0,2.0,3.0,3.0,4.0,4.0,5.0,5.0,6.0,6.0,1.0,1.0,7.0,7.0
88,2.0,2.0,3.0,3.0,4.0,4.0,5.0,5.0,6.0,6.0,1.0,1.0,7.0,7.0
89,6.0,3.0,3.0,1.0,4.0,5.0,7.0,4.0,5.0,2.0,1.0,6.0,2.0,7.0
90,2.0,2.0,3.0,3.0,4.0,4.0,5.0,5.0,6.0,6.0,1.0,1.0,7.0,7.0
91,5.5,6.5,1.0,3.0,7.0,5.0,5.5,6.5,4.0,4.0,2.5,1.5,2.5,1.5
92,1.0,1.0,5.0,3.0,4.0,7.0,7.0,5.0,6.0,6.0,3.0,4.0,2.0,2.0
93,7.0,4.0,3.0,3.0,4.0,5.5,6.0,5.5,5.0,7.0,1.5,1.5,1.5,1.5
94,5.5,3.5,7.0,2.0,2.0,5.0,3.0,6.0,4.0,7.0,5.5,3.5,1.0,1.0
95,5.0,5.5,5.0,2.0,2.0,4.0,3.0,7.0,7.0,3.0,5.0,5.5,1.0,1.0
96,5.5,2.5,2.0,7.0,5.5,2.5,5.5,2.5,3.0,5.5,5.5,2.5,1.0,5.5
97,4.5,6.5,2.5,4.5,7.0,2.0,6.0,3.0,2.5,4.5,4.5,6.5,1.0,1.0
98,6.0,7.0,1.0,6.0,3.0,4.0,7.0,3.0,2.0,5.0,4.5,1.5,4.5,1.5
99,6.0,6.0,1.0,7.0,4.0,4.0,7.0,5.0,5.0,3.0,2.5,1.5,2.5,1.5
100,6.5,2.5,3.0,7.0,4.0,5.0,5.0,6.0,1.0,4.0,6.5,2.5,2.0,1.0
101,3.0,2.0,1.0,7.0,2.0,3.0,5.0,1.0,7.0,6.0,5.0,4.5,5.0,4.5
102,1.0,1.0,6.0,7.0,2.0,6.0,4.5,4.0,7.0,5.0,4.5,3.0,3.0,2.0
103,5.0,4.0,5.0,4.0,7.0,6.0,2.5,7.0,2.5,2.0,5.0,4.0,1.0,1.0
104,6.5,5.5,2.0,7.0,4.0,2.0,5.0,4.0,1.0,1.0,6.5,5.5,3.0,3.0
105,4.5,3.5,2.0,6.0,6.0,2.0,4.5,3.5,1.0,5.0,3.0,7.0,7.0,1.0
106,2.5,5.5,1.0,7.0,7.0,4.0,6.0,3.0,4.0,1.0,2.5,5.5,5.0,2.0
107,2.5,3.5,6.0,6.0,1.0,2.0,5.0,5.0,7.0,7.0,2.5,3.5,4.0,1.0
108,6.0,5.0,3.0,6.0,2.0,4.0,4.5,2.5,1.0,7.0,4.5,2.5,7.0,1.0
109,6.0,2.0,1.0,7.0,3.0,3.0,5.0,4.0,7.0,5.0,4.0,1.0,2.0,6.0
110,3.5,3.5,5.5,5.5,5.5,5.5,7.0,7.0,3.5,3.5,1.5,1.5,1.5,1.5
111,4.0,5.0,7.0,4.0,5.0,6.0,6.0,7.0,2.0,3.0,2.0,1.5,2.0,1.5
112,3.5,4.5,1.5,1.0,6.0,6.0,7.0,3.0,1.5,7.0,3.5,4.5,5.0,2.0
113,6.0,4.0,4.0,7.0,6.0,4.0,6.0,4.0,3.0,2.0,1.0,1.0,2.0,6.0
114,3.5,4.0,2.0,5.5,3.5,7.0,5.0,3.0,7.0,5.5,6.0,2.0,1.0,1.0
115,4.0,2.0,2.0,5.0,7.0,7.0,1.0,6.0,6.0,4.0,4.0,2.0,4.0,2.0
116,4.0,6.0,3.0,7.0,6.5,1.5,5.0,5.0,6.5,1.5,1.0,3.0,2.0,4.0
117,6.0,2.0,2.0,6.0,7.0,5.0,5.0,3.0,1.0,7.0,3.5,1.0,3.5,4.0
118,6.0,1.0,4.5,4.0,7.0,6.0,4.5,7.0,3.0,5.0,1.0,2.0,2.0,3.0
119,5.0,6.5,7.0,6.5,4.0,4.0,3.0,3.0,6.0,5.0,1.5,1.5,1.5,1.5
120,5.5,4.5,7.0,6.0,4.0,2.0,3.0,3.0,1.0,7.0,5.5,4.5,2.0,1.0
121,4.0,4.0,1.0,7.0,6.0,2.0,5.0,3.0,7.0,1.0,3.0,5.0,2.0,6.0
122,1.5,1.0,7.0,2.0,1.5,6.0,3.0,7.0,6.0,4.0,5.0,5.0,4.0,3.0
123,2.0,3.0,7.0,7.0,5.5,4.0,4.0,5.0,5.5,6.0,3.0,1.0,1.0,2.0
124,7.0,6.0,5.0,7.0,3.0,5.0,1.0,2.5,6.0,4.0,2.0,2.5,4.0,1.0
125,3.0,1.0,1.0,2.0,2.0,6.0,4.0,7.0,7.0,3.0,6.0,4.0,5.0,5.0
126,3.0,2.0,2.0,7.0,4.0,4.0,6.0,6.0,1.0,3.0,7.0,1.0,5.0,5.0
127,2.0,3.0,3.0,5.0,1.0,7.0,4.0,4.0,7.0,6.0,5.0,1.0,6.0,2.0
128,7.0,2.0,4.5,5.0,2.0,7.0,1.0,4.0,6.0,6.0,3.0,1.0,4.5,3.0
129,3.0,4.0,2.0,6.0,5.0,3.0,4.0,5.0,1.0,7.0,7.0,1.0,6.0,2.0
130,3.0,7.0,4.5,3.5,7.0,5.0,6.0,6.0,4.5,3.5,1.5,1.5,1.5,1.5
131,5.0,6.0,2.0,4.0,3.0,7.0,6.5,1.5,6.5,1.5,1.0,3.0,4.0,5.0
132,6.0,7.0,2.0,4.0,7.0,6.0,1.0,3.0,5.0,5.0,3.5,1.5,3.5,1.5
133,5.0,4.0,4.0,6.0,7.0,1.0,6.0,5.0,3.0,7.0,1.5,2.5,1.5,2.5
134,2.0,3.0,6.5,7.0,4.0,4.0,6.5,5.0,5.0,6.0,3.0,2.0,1.0,1.0
135,5.5,2.5,4.0,4.0,5.5,2.5,3.0,7.0,7.0,1.0,2.0,5.0,1.0,6.0
136,2.0,2.0,3.0,3.0,4.0,4.0,5.0,5.0,6.0,6.0,1.0,1.0,7.0,7.0
137,7.0,4.0,5.5,6.5,4.0,5.0,1.0,3.0,5.5,6.5,2.5,1.5,2.5,1.5
138,6.0,4.0,6.0,4.0,3.0,6.0,4.0,7.0,6.0,4.0,1.5,1.5,1.5,1.5
139,5.0,6.0,2.0,7.0,4.0,3.0,6.0,2.0,3.0,5.0,1.0,1.0,7.0,4.0
140,6.0,6.0,2.0,2.0,4.5,3.0,4.5,1.0,3.0,5.0,7.0,4.0,1.0,7.0
141,5.5,3.5,1.0,6.0,2.0,1.0,7.0,7.0,4.0,2.0,5.5,3.5,3.0,5.0
142,2.0,2.0,3.0,3.0,4.0,4.0,5.0,5.0,6.0,6.0,1.0,1.0,7.0,7.0
143,1.0,1.0,2.0,2.0,3.0,3.0,4.0,4.0,5.0,5.0,6.0,6.0,7.0,7.0
144,2.0,2.0,3.0,3.0,4.0,4.0,5.0,5.0,6.0,6.0,1.0,1.0,7.0,7.0
145,4.5,3.5,7.0,6.0,3.0,2.0,1.0,5.0,6.0,7.0,4.5,3.5,2.0,1.0
146,6.0,2.0,1.0,4.0,7.0,5.0,4.0,6.0,5.0,7.0,2.0,1.0,3.0,3.0
148,2.0,2.0,3.0,3.0,4.0,4.0,5.0,5.0,6.0,6.0,1.0,1.0,7.0,7.0
149,2.0,2.0,3.0,3.0,4.0,4.0,5.0,5.0,6.0,6.0,1.0,1.0,7.0,7.0
150,2.0,2.0,3.0,3.0,4.0,4.0,5.0,5.0,6.0,6.0,1.0,1.0,7.0,7.0
151,6.0,2.0,6.0,2.0,3.0,6.0,6.0,2.0,4.0,7.0,1.5,4.5,1.5,4.5
152,6.5,3.5,3.0,6.0,5.0,5.0,1.0,2.0,4.0,7.0,6.5,3.5,2.0,1.0
153,4.0,2.0,5.0,5.0,1.0,7.0,6.0,4.0,7.0,3.0,2.0,1.0,3.0,6.0
154,5.0,3.0,4.0,5.0,7.0,2.0,6.0,7.0,3.0,6.0,1.0,1.0,2.0,4.0
155,6.0,5.0,4.0,7.0,7.0,3.0,5.0,4.0,3.0,6.0,1.5,1.5,1.5,1.5
156,2.0,2.0,3.0,3.0,4.0,4.0,5.0,5.0,6.0,6.0,1.0,1.0,7.0,7.0
158,3.0,1.5,5.0,6.0,7.0,5.0,6.0,4.0,1.0,7.0,4.0,3.0,2.0,1.5
159,5.0,3.0,2.0,7.0,7.0,5.0,6.0,4.0,1.0,6.0,4.0,1.0,3.0,2.0
160,2.0,2.0,3.0,3.0,4.0,4.0,5.0,5.0,6.0,6.0,1.0,1.0,7.0,7.0
161,6.0,3.0,1.0,7.0,4.0,5.0,3.0,1.0,2.0,6.0,6.0,3.0,6.0,3.0
162,7.0,5.0,1.0,7.0,6.0,4.0,5.0,3.0,2.0,6.0,3.0,1.0,4.0,2.0
163,6.0,3.0,7.0,1.0,5.0,5.0,4.0,6.0,3.0,7.0,1.0,4.0,2.0,2.0
164,6.0,2.0,4.0,5.0,3.0,6.0,1.0,7.0,2.0,4.0,6.0,2.0,6.0,2.0
165,6.5,1.5,2.0,4.0,5.0,6.0,4.0,5.0,1.0,3.0,6.5,1.5,3.0,7.0
166,5.5,4.5,4.0,3.0,5.5,4.5,7.0,6.0,1.0,7.0,2.5,1.5,2.5,1.5
167,6.0,2.0,1.0,7.0,4.0,5.0,2.0,6.0,3.0,4.0,6.0,2.0,6.0,2.0
168,6.0,2.0,2.0,7.0,4.0,5.0,1.0,6.0,3.0,4.0,6.0,2.0,6.0,2.0
169,6.0,2.0,1.0,7.0,4.0,4.0,2.0,6.0,3.0,5.0,6.0,2.0,6.0,2.0
170,6.0,2.0,1.0,7.0,4.0,4.0,2.0,6.0,3.0,5.0,6.0,2.0,6.0,2.0
171,6.0,2.0,2.0,7.0,4.0,4.0,1.0,5.0,3.0,6.0,6.0,2.0,6.0,2.0
172,6.0,2.0,1.0,7.0,4.0,4.0,2.0,5.0,3.0,6.0,6.0,2.0,6.0,2.0
173,7.0,4.0,4.0,1.0,6.0,2.0,3.0,3.0,1.0,7.0,5.0,5.0,2.0,6.0
174,3.5,4.5,1.5,6.5,6.0,1.0,6.0,2.5,1.5,6.5,3.5,4.5,6.0,2.5
175,6.0,2.0,6.0,2.0,6.0,2.0,4.0,5.0,1.0,6.0,3.0,4.0,2.0,7.0
176,3.5,2.5,5.0,7.0,6.0,4.0,7.0,5.0,2.0,6.0,3.5,2.5,1.0,1.0
177,2.0,2.0,3.0,3.0,4.0,4.0,5.0,5.0,6.0,6.0,1.0,1.0,7.0,7.0
178,7.0,6.0,5.0,4.0,6.0,5.0,1.0,1.0,4.0,7.0,2.5,2.5,2.5,2.5
179,6.0,2.0,6.0,2.0,3.0,4.0,4.0,7.0,6.0,2.0,1.5,5.5,1.5,5.5
180,2.0,2.0,3.0,3.0,4.0,4.0,5.0,5.0,6.0,6.0,1.0,1.0,7.0,7.0
181,6.0,1.0,4.0,2.0,3.0,5.0,5.0,4.0,7.0,3.0,1.5,6.5,1.5,6.5
182,4.0,6.0,3.0,7.0,6.0,4.0,5.0,5.0,7.0,3.0,2.0,1.0,1.0,2.0
183,2.0,2.0,4.0,6.0,6.0,5.0,7.0,4.0,5.0,7.0,2.0,2.0,2.0,2.0
184,2.0,2.0,3.0,3.0,4.0,4.0,5.0,5.0,6.0,6.0,1.0,1.0,7.0,7.0
185,6.0,2.0,3.0,6.0,7.0,3.0,5.0,4.0,4.0,1.0,2.0,5.0,1.0,7.0
186,5.0,5.0,3.0,7.0,7.0,3.0,6.0,4.0,4.0,2.0,2.0,6.0,1.0,1.0
187,2.0,2.0,3.0,3.0,4.0,4.0,5.0,5.0,6.0,6.0,1.0,1.0,7.0,7.0
188,5.0,4.0,1.0,7.0,7.0,3.0,6.0,2.0,4.0,6.0,2.0,5.0,3.0,1.0
189,5.0,2.0,1.0,6.0,4.0,3.0,6.0,1.0,3.0,7.0,2.0,5.0,7.0,4.0
190,3.0,1.0,1.0,2.0,7.0,6.0,6.0,5.0,2.0,3.0,5.0,4.0,4.0,7.0
191,6.5,1.5,6.5,1.5,5.0,4.0,3.0,7.0,4.0,5.0,1.0,6.0,2.0,3.0
192,1.0,5.0,2.0,3.0,7.0,6.0,6.0,4.0,4.0,2.0,3.0,1.0,5.0,7.0
193,3.0,4.0,6.0,1.0,5.0,7.0,1.0,6.0,4.0,3.0,7.0,2.0,2.0,5.0
194,1.0,4.0,4.0,2.0,5.0,7.0,3.0,6.0,2.0,5.0,7.0,3.0,6.0,1.0
195,1.0,1.0,4.0,3.0,7.0,7.0,6.0,2.0,3.0,6.0,5.0,5.0,2.0,4.0
196,1.0,1.0,2.0,2.0,3.0,3.0,4.0,4.0,5.0,5.0,6.0,6.0,7.0,7.0
197,5.0,4.0,4.0,5.0,7.0,2.0,3.0,7.0,6.0,3.0,2.0,6.0,1.0,1.0
198,6.0,5.0,2.0,7.0,7.0,3.0,4.0,6.0,1.0,2.0,5.0,4.0,3.0,1.0
199,7.0,6.0,6.0,3.0,3.0,7.0,5.0,4.0,4.0,5.0,1.0,1.0,2.0,2.0
200,2.0,2.0,3.0,3.0,4.0,4.0,5.0,5.0,6.0,6.0,1.0,1.0,7.0,7.0
201,6.0,4.0,4.0,3.0,5.0,5.0,2.0,7.0,7.0,2.0,1.0,1.0,3.0,6.0
202,7.0,4.0,5.0,7.0,4.0,5.0,6.0,3.0,1.0,6.0,2.0,2.0,3.0,1.0
203,2.0,4.0,3.0,3.0,7.0,5.0,6.0,6.0,1.0,7.0,4.5,1.5,4.5,1.5
204,4.0,6.0,3.0,7.0,6.0,3.0,7.0,1.0,5.0,4.0,2.0,2.0,1.0,5.0
205,4.0,6.0,2.0,1.0,6.0,2.0,7.0,3.0,5.0,4.0,3.0,7.0,1.0,5.0
206,5.0,7.0,3.0,5.0,6.0,4.0,7.0,2.0,4.0,6.0,2.0,1.0,1.0,3.0
207,4.0,1.0,2.0,4.0,5.0,5.0,7.0,6.0,6.0,2.0,3.0,3.0,1.0,7.0
208,5.0,3.0,3.0,5.0,6.0,1.0,7.0,2.0,4.0,7.0,2.0,4.0,1.0,6.0
209,1.0,1.0,3.0,4.0,6.0,5.0,7.0,6.0,5.0,2.0,4.0,7.0,2.0,3.0
210,3.0,5.0,5.0,4.0,7.0,2.0,6.0,7.0,4.0,6.0,2.0,1.0,1.0,3.0
211,4.0,6.0,2.0,3.0,5.0,4.0,7.0,2.0,6.0,7.0,1.0,1.0,3.0,5.0
212,2.0,6.0,1.0,7.0,5.0,1.0,7.0,5.0,6.0,2.0,3.5,3.5,3.5,3.5
213,5.0,3.0,3.0,4.0,6.0,6.0,7.0,5.0,4.0,7.0,2.0,1.0,1.0,2.0
214,5.0,1.0,4.0,2.0,6.0,4.0,7.0,6.0,3.0,7.0,2.0,5.0,1.0,3.0
215,4.0,5.0,2.0,2.0,5.0,1.0,7.0,3.0,6.0,4.0,3.0,7.0,1.0,6.0
216,5.0,4.0,4.0,6.0,7.0,5.0,6.0,3.0,3.0,7.0,1.0,2.0,2.0,1.0
217,4.0,2.0,3.0,3.0,6.0,4.0,7.0,7.0,5.0,5.5,2.0,5.5,1.0,1.0
218,5.0,5.0,3.0,7.0,6.0,2.0,7.0,4.0,4.0,6.0,2.0,1.0,1.0,3.0
219,4.0,3.0,3.0,1.0,6.0,5.0,7.0,4.0,5.0,2.0,2.0,6.0,1.0,7.0
220,5.0,4.0,4.0,6.0,7.0,3.0,6.0,5.0,3.0,7.0,2.0,2.0,1.0,1.0
221,7.0,4.0,4.0,7.0,2.0,6.0,3.0,5.0,5.0,3.0,6.0,2.0,1.0,1.0
222,6.0,4.0,7.0,7.0,5.0,5.0,4.0,6.0,3.0,3.0,2.0,2.0,1.0,1.0
223,4.5,2.5,6.0,5.0,2.0,6.0,3.0,7.0,7.0,4.0,4.5,2.5,1.0,1.0
224,7.0,7.0,6.0,3.0,4.0,6.0,5.0,5.0,3.0,4.0,1.0,1.0,2.0,2.0
225,6.0,6.0,7.0,3.0,3.0,5.0,5.0,4.0,4.0,7.0,1.0,2.0,2.0,1.0
226,6.5,4.5,5.0,2.0,3.0,6.0,4.0,3.0,2.0,7.0,6.5,4.5,1.0,1.0
227,6.5,4.0,3.0,1.0,4.0,7.0,6.5,3.0,5.0,5.0,2.0,2.0,1.0,6.0
228,6.0,3.0,7.0,2.0,5.0,5.0,2.5,7.0,4.0,6.0,2.5,1.0,1.0,4.0
229,7.0,7.0,5.0,6.0,3.0,5.0,4.0,3.0,6.0,4.0,2.0,1.0,1.0,2.0
230,6.0,3.0,7.0,5.0,4.0,7.0,5.0,6.0,3.0,4.0,1.0,2.0,2.0,1.0
231,5.0,6.0,6.0,7.0,3.0,5.0,4.0,3.0,7.0,4.0,1.0,1.0,2.0,2.0
232,7.0,5.0,6.0,4.0,4.0,7.0,5.0,6.0,3.0,3.0,1.0,2.0,2.0,1.0
233,6.5,6.0,6.5,3.0,3.0,5.0,4.0,7.0,5.0,4.0,2.0,1.0,1.0,2.0
234,7.0,4.0,4.0,7.0,5.0,3.0,6.0,5.5,3.0,5.5,2.0,1.0,1.0,2.0
235,5.5,2.5,3.0,4.0,2.0,7.0,4.0,6.0,7.0,5.0,5.5,2.5,1.0,1.0
236,7.0,1.0,6.0,7.0,4.0,3.0,5.0,4.0,3.0,6.0,2.0,5.0,1.0,2.0
237,6.0,6.0,4.0,7.0,3.0,5.0,7.0,4.0,5.0,3.0,2.0,1.0,1.0,2.0
238,6.0,5.0,5.0,3.0,4.0,7.0,7.0,6.0,3.0,4.0,2.0,1.0,1.0,2.0
239,4.5,3.5,3.0,6.0,2.0,5.0,6.0,2.0,7.0,1.0,4.5,3.5,1.0,7.0
240,7.0,5.0,5.0,4.0,4.0,3.0,6.0,7.0,2.0,6.0,3.0,1.0,1.0,2.0
241,7.0,1.0,4.0,2.0,5.0,7.0,6.0,6.0,3.0,5.0,2.0,4.0,1.0,3.0
242,6.0,5.0,5.0,6.0,4.0,3.0,7.0,4.0,2.5,7.0,1.0,1.0,2.5,2.0
243,4.0,5.0,3.0,1.0,2.0,7.0,6.0,3.0,7.0,2.0,5.0,6.0,1.0,4.0
244,7.0,5.0,6.0,3.0,3.0,7.0,5.0,4.0,4.0,6.0,2.0,2.0,1.0,1.0
245,6.0,3.0,5.0,6.0,4.0,5.0,7.0,4.0,3.0,7.0,1.5,2.0,1.5,1.0
246,7.0,5.5,5.0,5.5,4.0,4.0,6.0,1.0,3.0,3.0,2.0,2.0,1.0,7.0
247,5.0,5.0,4.0,7.0,2.0,1.0,6.0,4.0,7.0,2.0,3.0,3.0,1.0,6.0
248,7.0,2.0,6.0,5.0,4.0,4.0,5.0,1.0,2.0,7.0,1.0,6.0,3.0,3.0
249,6.0,6.0,5.0,2.0,4.0,5.0,7.0,3.0,3.0,7.0,2.0,4.0,1.0,1.0
250,7.0,5.0,5.0,3.0,3.0,6.0,6.0,4.0,4.0,7.0,1.0,2.0,2.0,1.0
251,5.0,4.0,4.0,5.0,3.0,3.0,6.0,1.0,7.0,2.0,2.0,7.0,1.0,6.0
252,7.0,5.0,5.0,3.0,4.0,6.0,6.0,4.0,3.0,7.0,1.0,1.0,2.0,2.0
253,6.0,7.0,5.0,4.0,4.0,6.0,3.0,5.0,7.0,3.0,1.0,2.0,2.0,1.0
254,7.0,4.0,6.0,5.0,5.0,7.0,4.0,6.0,3.0,3.0,1.0,2.0,2.0,1.0
255,6.0,6.0,5.0,7.0,3.0,3.0,4.0,5.0,7.0,4.0,1.5,1.5,1.5,1.5
256,6.0,2.0,7.0,6.0,4.0,5.0,5.0,7.0,3.0,4.0,1.0,3.0,2.0,1.0
257,1.5,3.0,7.0,6.5,4.0,5.0,6.0,6.5,1.5,4.0,3.0,2.0,5.0,1.0
258,1.0,3.0,7.0,2.0,5.0,4.0,4.0,6.0,6.0,7.0,2.5,5.0,2.5,1.0
259,2.0,2.0,6.0,4.5,3.0,3.0,4.0,4.5,7.0,7.0,5.0,6.0,1.0,1.0
260,7.0,7.0,6.0,6.0,1.0,5.0,3.5,2.0,3.5,4.0,2.0,3.0,5.0,1.0
261,6.0,7.0,7.0,4.0,5.0,2.0,4.0,3.0,3.0,6.0,2.0,5.0,1.0,1.0
262,6.0,4.0,7.0,3.0,4.0,7.0,5.0,5.0,3.0,6.0,1.0,2.0,2.0,1.0
263,4.5,4.0,6.0,3.0,3.0,7.0,4.5,6.0,7.0,2.0,2.0,5.0,1.0,1.0
264,7.0,7.0,6.0,4.0,4.0,6.0,5.0,3.0,1.0,5.0,3.0,1.0,2.0,2.0
265,5.0,7.0,6.0,3.0,4.0,5.0,3.0,6.0,7.0,4.0,2.0,1.0,1.0,2.0
266,6.5,3.0,6.5,4.0,3.0,5.0,5.0,6.0,4.0,7.0,2.0,1.0,1.0,2.0
267,6.0,7.0,5.0,6.0,4.0,4.0,3.0,3.0,7.0,5.0,1.0,2.0,2.0,1.0
268,4.0,4.0,7.0,6.0,5.0,5.0,6.0,7.0,2.0,2.0,3.0,3.0,1.0,1.0
269,6.0,3.0,5.0,5.0,3.0,4.0,4.0,7.0,7.0,6.0,1.5,1.5,1.5,1.5
270,6.0,4.0,7.0,5.0,5.0,3.0,4.0,6.0,1.0,7.0,2.0,2.0,3.0,1.0
271,6.0,7.0,7.0,2.0,5.0,3.0,4.0,4.0,3.0,6.0,1.0,5.0,2.0,1.0
272,6.0,3.0,7.0,4.0,4.0,6.0,5.0,5.0,2.0,7.0,3.0,1.0,1.0,2.0
273,7.0,5.0,6.0,3.0,4.0,7.0,5.0,6.0,2.0,4.0,3.0,1.0,1.0,2.0
274,7.0,3.0,6.0,6.0,4.0,2.0,5.0,7.0,2.0,5.0,1.0,1.0,3.0,4.0
275,5.0,5.0,4.0,2.0,7.0,6.0,6.0,4.0,3.0,7.0,1.0,1.0,2.0,3.0
276,6.0,4.0,7.0,2.0,2.0,1.0,3.0,7.0,5.0,5.0,4.0,3.0,1.0,6.0
277,3.0,4.0,6.0,5.0,4.5,6.5,4.5,6.5,7.0,2.0,2.0,1.0,1.0,3.0
278,6.0,4.0,7.0,6.0,4.0,2.0,5.0,3.0,3.0,7.0,2.0,1.0,1.0,5.0
279,6.0,4.0,7.0,3.0,3.0,7.0,5.0,5.0,4.0,6.0,2.0,1.0,1.0,2.0
280,7.0,3.0,6.0,5.0,4.0,7.0,5.0,6.0,3.0,4.0,1.0,2.0,2.0,1.0
281,3.0,6.0,6.0,1.0,4.0,4.0,5.0,7.0,7.0,5.0,1.0,3.0,2.0,2.0
282,6.0,6.0,7.0,7.0,4.0,4.0,5.0,5.0,1.0,2.0,3.0,3.0,2.0,1.0
283,7.0,5.0,6.0,3.0,4.5,4.0,4.5,7.0,3.0,6.0,1.5,1.0,1.5,2.0
284,6.0,7.0,7.0,6.0,5.0,4.0,4.0,3.0,3.0,5.0,2.0,2.0,1.0,1.0
285,3.5,5.5,1.0,7.0,7.0,4.0,5.0,3.0,2.0,2.0,3.5,5.5,6.0,1.0
286,6.0,5.0,1.0,7.0,5.0,3.0,2.0,6.0,7.0,4.0,3.5,1.5,3.5,1.5
287,6.5,4.0,2.0,6.0,3.0,7.0,1.0,3.0,4.0,5.0,6.5,2.0,5.0,1.0
288,4.0,4.0,1.0,7.0,7.0,3.0,2.0,5.0,3.0,6.0,5.5,1.5,5.5,1.5
289,2.0,3.0,1.0,5.0,5.0,7.0,3.0,6.0,7.0,2.0,6.0,4.0,4.0,1.0
290,2.0,2.0,3.0,3.0,4.0,4.0,5.0,5.0,6.0,6.0,1.0,1.0,7.0,7.0
291,1.0,1.0,2.0,2.0,3.0,3.0,4.0,4.0,5.0,5.0,6.0,6.0,7.0,7.0
292,5.0,6.0,1.0,7.0,7.0,1.0,6.0,2.0,2.0,4.0,4.0,5.0,3.0,3.0
293,2.0,2.0,3.0,3.0,4.0,4.0,5.0,5.0,6.0,6.0,1.0,1.0,7.0,7.0
294,2.0,2.0,3.0,3.0,4.0,4.0,5.0,5.0,6.0,6.0,1.0,1.0,7.0,7.0
295,6.0,5.0,5.0,4.0,7.0,3.0,4.0,7.0,1.0,6.0,2.0,2.0,3.0,1.0
296,6.0,6.0,1.0,7.0,7.0,3.0,4.0,2.0,3.0,5.0,5.0,4.0,2.0,1.0
297,6.0,4.0,1.0,7.0,7.0,5.0,3.0,6.0,4.0,2.0,5.0,3.0,2.0,1.0
298,6.0,3.0,5.0,1.0,7.0,4.0,4.0,7.0,2.0,6.0,1.0,2.0,3.0,5.0
299,6.0,7.0,4.0,4.0,7.0,5.0,3.0,6.0,5.0,3.0,1.0,1.0,2.0,2.0
300,2.0,2.0,3.0,3.0,4.0,4.0,5.0,5.0,6.0,6.0,1.0,1.0,7.0,7.0
301,1.0,3.0,2.0,7.0,6.0,2.0,7.0,1.0,3.0,4.0,4.5,5.5,4.5,5.5
302,5.5,1.5,3.5,6.5,7.0,5.0,1.5,3.5,3.5,6.5,5.5,1.5,1.5,3.5
303,1.0,3.5,2.0,6.0,6.0,2.0,7.0,3.5,4.0,1.0,3.0,5.0,5.0,7.0
304,3.0,7.0,5.0,6.0,6.0,3.0,7.0,5.0,2.0,2.0,1.0,4.0,4.0,1.0
305,2.0,2.0,3.0,3.0,4.0,4.0,5.0,5.0,6.0,6.0,1.0,1.0,7.0,7.0
306,4.0,6.0,3.0,4.0,6.0,5.0,7.0,3.0,5.0,2.0,1.0,1.0,2.0,7.0
307,4.5,3.5,4.5,3.5,4.5,3.5,4.5,3.5,4.5,3.5,4.5,3.5,1.0,7.0
308,2.0,2.0,3.0,3.0,4.0,4.0,5.0,5.0,6.0,6.0,1.0,1.0,7.0,7.0
309,2.0,2.0,3.0,3.0,4.0,4.0,5.0,5.0,6.0,6.0,1.0,1.0,7.0,7.0
311,5.5,3.5,5.5,3.5,7.0,2.0,3.0,5.0,4.0,6.0,1.0,1.0,2.0,7.0
312,6.0,2.0,2.0,7.0,4.0,4.0,1.0,6.0,3.0,5.0,6.0,2.0,6.0,2.0
313,6.0,2.0,3.0,6.0,4.0,4.0,1.0,7.0,2.0,5.0,6.0,2.0,6.0,2.0
314,4.0,7.0,1.0,4.0,6.0,5.0,7.0,3.0,5.0,6.0,2.5,1.5,2.5,1.5
315,5.0,6.0,4.0,7.0,6.0,5.0,1.0,4.0,7.0,2.0,2.5,2.0,2.5,2.0
316,5.0,3.0,1.0,6.0,4.0,1.0,3.0,4.0,6.0,5.0,7.0,7.0,2.0,2.0
317,4.0,5.0,3.0,6.0,5.0,4.0,6.0,3.0,7.0,1.0,1.0,2.0,2.0,7.0
318,1.0,6.0,2.0,1.0,7.0,3.0,5.0,5.0,6.0,4.0,4.0,2.0,3.0,7.0
319,2.0,2.0,3.0,3.0,4.0,4.0,5.0,5.0,6.0,6.0,1.0,1.0,7.0,7.0
320,3.0,2.0,1.0,7.0,5.0,5.0,6.0,6.0,7.0,4.0,3.0,2.0,3.0,2.0
321,5.0,5.0,2.0,7.0,7.0,3.0,3.0,6.0,6.0,4.0,1.0,1.0,4.0,2.0
322,6.0,5.5,1.0,1.0,6.0,4.0,4.0,7.0,3.0,3.0,6.0,5.5,2.0,2.0
323,6.0,4.0,6.0,4.0,2.0,7.0,6.0,4.0,1.0,6.0,3.5,1.5,3.5,1.5
324,6.0,1.0,4.0,2.0,7.0,3.0,5.0,7.0,3.0,4.0,1.5,5.5,1.5,5.5
325,5.0,3.0,1.0,5.0,7.0,2.0,4.0,6.0,6.0,4.0,3.0,7.0,2.0,1.0
326,3.0,6.0,1.0,4.0,6.0,2.0,7.0,1.0,4.0,5.0,5.0,3.0,2.0,7.0
327,2.0,1.0,3.0,3.0,7.0,2.0,6.0,7.0,1.0,6.0,4.5,4.5,4.5,4.5
328,2.0,2.0,3.0,3.0,4.0,4.0,5.0,5.0,6.0,6.0,1.0,1.0,7.0,7.0
329,6.0,2.0,1.0,6.0,7.0,3.0,3.0,7.0,5.0,5.0,2.0,1.0,4.0,4.0
330,4.0,5.0,3.0,6.0,6.0,3.0,5.0,4.0,7.0,1.5,2.0,1.5,1.0,7.0
331,2.0,7.0,1.0,6.0,5.0,4.0,6.0,3.0,7.0,5.0,3.5,1.5,3.5,1.5
332,5.0,3.0,3.0,5.0,6.0,6.0,7.0,2.0,4.0,4.0,1.0,7.0,2.0,1.0
334,5.0,4.0,4.0,5.0,6.0,6.0,3.0,7.0,7.0,3.0,1.5,1.5,1.5,1.5
335,5.0,6.0,1.0,5.0,4.0,4.0,2.0,3.0,3.0,7.0,6.5,1.5,6.5,1.5
336,3.0,7.0,7.0,3.0,1.0,6.0,2.0,4.0,4.0,2.0,6.0,1.0,5.0,5.0
337,1.0,4.0,5.0,3.0,3.0,5.0,2.0,2.0,7.0,7.0,4.0,1.0,6.0,6.0
338,1.0,3.0,7.0,4.0,4.0,5.0,5.0,7.0,3.0,6.0,6.0,1.0,2.0,2.0
339,5.5,2.5,5.5,2.5,7.0,4.0,4.0,7.0,3.0,1.0,1.0,5.0,2.0,6.0
340,4.0,6.0,3.0,7.0,7.0,2.0,5.0,3.0,6.0,5.0,1.0,1.0,2.0,4.0
341,6.0,6.0,3.0,5.0,7.0,4.0,5.0,3.0,4.0,7.0,1.5,1.5,1.5,1.5
342,1.0,1.0,7.0,7.0,5.0,4.0,3.0,3.0,4.0,2.0,6.0,6.0,2.0,5.0
343,6.0,3.0,3.0,6.0,7.0,5.0,5.0,4.0,4.0,7.0,2.0,1.0,1.0,2.0
344,5.5,2.5,5.5,2.5,2.0,6.0,5.5,2.5,5.5,2.5,2.0,6.0,2.0,6.0
345,4.0,2.0,2.0,6.0,6.0,5.0,1.0,7.0,7.0,4.0,4.0,2.0,4.0,2.0
346,5.0,4.0,4.0,6.0,6.0,3.0,1.0,7.0,7.0,2.0,3.0,5.0,2.0,1.0
347,4.0,6.0,1.0,4.0,3.0,5.0,7.0,1.0,5.0,7.0,6.0,3.0,2.0,2.0
348,2.0,2.0,3.0,3.0,4.0,4.0,5.0,5.0,6.0,6.0,1.0,1.0,7.0,7.0
349,2.0,2.0,3.0,3.0,4.0,4.0,5.0,5.0,6.0,6.0,1.0,1.0,7.0,7.0
350,3.0,2.0,1.0,7.0,5.0,6.0,6.0,5.0,7.0,4.0,3.0,2.0,3.0,2.0
351,7.0,5.0,2.0,6.0,3.0,7.0,1.0,3.0,6.0,4.0,4.5,1.5,4.5,1.5
352,5.0,2.0,3.0,7.0,7.0,4.0,2.0,5.0,1.0,6.0,5.0,2.0,5.0,2.0
353,3.0,2.0,5.0,7.0,2.0,5.0,6.0,4.0,7.0,6.0,1.0,3.0,4.0,1.0
354,4.0,2.0,1.0,7.0,6.0,5.0,2.0,6.0,7.0,4.0,4.0,2.0,4.0,2.0
355,5.0,2.0,7.0,7.0,1.0,5.0,2.0,4.0,6.0,6.0,3.0,3.0,4.0,1.0
356,2.0,5.0,4.5,7.0,6.0,6.0,7.0,3.0,4.5,4.0,3.0,2.0,1.0,1.0
357,5.0,4.0,4.0,6.0,3.0,1.0,1.0,5.0,2.0,7.0,6.5,2.5,6.5,2.5
358,3.5,5.5,3.5,5.5,7.0,3.0,6.0,4.0,5.0,7.0,1.0,1.0,2.0,2.0
359,3.0,3.0,2.0,4.0,7.0,1.0,5.0,7.0,6.0,6.0,1.0,2.0,4.0,5.0
360,6.0,5.0,2.0,6.0,3.0,4.0,1.0,7.0,7.0,3.0,5.0,2.0,4.0,1.0
361,4.5,7.0,3.0,3.0,7.0,1.0,4.5,2.0,6.0,4.0,1.5,5.5,1.5,5.5
362,1.0,1.0,5.0,5.0,2.0,2.0,7.0,7.0,6.0,6.0,4.0,4.0,3.0,3.0
363,3.0,5.0,5.0,7.0,4.0,4.0,6.0,6.0,7.0,3.0,2.0,1.0,1.0,2.0
364,7.0,3.0,1.0,4.0,5.0,6.0,6.0,5.0,4.0,7.0,3.0,1.0,2.0,2.0
365,4.0,6.0,3.0,7.0,6.0,4.0,7.0,3.0,5.0,5.0,1.0,2.0,2.0,1.0
366,4.0,6.0,1.0,7.0,7.0,4.0,5.0,5.0,6.0,1.0,3.0,3.0,2.0,2.0
367,3.0,5.0,4.0,3.0,6.0,2.0,1.0,7.0,7.0,1.0,2.0,6.0,5.0,4.0
368,5.0,1.0,1.0,6.0,7.0,4.0,6.0,5.0,2.0,7.0,3.5,2.5,3.5,2.5
369,6.5,1.5,6.5,1.5,5.0,3.0,4.0,4.0,3.0,5.0,1.5,6.5,1.5,6.5
370,6.0,2.0,3.0,3.0,7.0,1.0,5.0,4.0,4.0,5.0,1.0,7.0,2.0,6.0
371,5.5,2.5,5.5,2.5,2.5,6.5,2.5,6.5,5.5,2.5,5.5,2.5,1.0,5.0
372,5.5,5.0,1.0,4.0,3.0,7.0,5.5,3.0,2.0,6.0,7.0,1.0,4.0,2.0
373,5.0,3.0,6.0,5.0,7.0,6.0,4.0,7.0,2.0,4.0,1.0,2.0,3.0,1.0
374,4.0,4.0,3.0,3.0,7.0,6.0,6.0,5.0,5.0,7.0,1.5,1.5,1.5,1.5
375,5.0,5.0,1.0,6.0,7.0,1.0,6.0,2.0,2.0,7.0,3.0,3.0,4.0,4.0
376,5.0,7.0,1.0,6.0,7.0,4.0,4.0,3.0,6.0,5.0,2.0,2.0,3.0,1.0
377,7.0,7.0,4.0,4.0,6.0,3.0,5.0,5.0,3.0,2.0,2.0,1.0,1.0,6.0
378,7.0,3.0,3.5,4.5,5.0,7.0,6.0,6.0,3.5,4.5,1.5,1.5,1.5,1.5
379,7.0,4.0,5.0,2.0,6.0,5.0,4.0,3.0,3.0,1.0,1.0,6.0,2.0,7.0
380,1.5,2.5,4.5,4.5,6.5,6.5,6.5,6.5,4.5,4.5,1.5,2.5,3.0,1.0
381,1.0,1.0,2.0,2.0,3.0,3.0,4.0,4.0,5.0,5.0,6.0,6.0,7.0,7.0
382,7.0,3.0,5.0,6.0,6.0,5.0,4.0,4.0,1.0,7.0,2.5,1.5,2.5,1.5
383,5.0,4.0,4.0,6.0,6.0,5.0,1.0,7.0,7.0,3.0,2.5,1.5,2.5,1.5
384,7.0,7.0,4.0,3.0,3.0,6.0,1.0,4.0,2.0,5.0,5.5,1.5,5.5,1.5
385,5.0,5.0,5.0,5.0,7.0,3.0,5.0,5.0,3.0,7.0,1.5,1.5,1.5,1.5
386,5.0,5.0,6.5,1.5,3.0,6.0,4.0,7.0,6.5,1.5,1.5,3.5,1.5,3.5
388,2.0,2.0,3.0,3.0,4.0,4.0,5.0,5.0,6.0,6.0,1.0,1.0,7.0,7.0
389,7.0,6.0,6.0,7.0,4.0,3.0,1.0,4.0,3.0,2.0,2.0,1.0,5.0,5.0
390,4.0,3.0,6.0,4.5,7.0,2.0,2.5,6.0,5.0,4.5,1.0,1.0,2.5,7.0
391,6.0,4.0,4.0,6.0,7.0,7.0,5.0,2.0,3.0,5.0,1.0,3.0,2.0,1.0
392,5.0,6.0,6.0,5.0,1.0,4.0,4.0,3.0,7.0,7.0,2.5,1.5,2.5,1.5
393,7.0,6.0,4.0,1.0,6.0,5.0,5.0,7.0,3.0,2.0,2.0,4.0,1.0,3.0
394,7.0,3.0,4.0,4.0,5.0,6.0,6.0,5.0,3.0,7.0,1.5,1.5,1.5,1.5
395,7.0,4.0,4.0,7.0,6.0,3.0,3.0,6.0,5.0,5.0,1.5,1.5,1.5,1.5
396,6.0,2.0,6.0,2.0,2.0,4.0,4.0,5.0,3.0,6.0,6.0,2.0,1.0,7.0
397,7.0,4.0,4.0,7.0,5.0,3.0,6.0,5.0,3.0,6.0,1.5,1.5,1.5,1.5
398,1.5,2.0,1.5,7.0,7.0,5.0,6.0,4.0,3.0,6.0,4.0,3.0,5.0,1.0
399,2.0,2.0,7.0,7.0,6.0,6.0,4.0,5.0,1.0,4.0,3.0,1.0,5.0,3.0
400,4.5,4.5,1.5,6.5,6.5,2.5,6.5,2.5,1.5,6.5,4.5,4.5,3.0,1.0
401,6.5,2.5,5.0,5.0,6.5,2.5,1.5,7.0,4.0,4.0,1.5,1.0,3.0,6.0
402,3.5,1.5,7.0,6.0,5.0,5.0,1.0,4.0,6.0,7.0,3.5,1.5,2.0,3.0
403,1.5,3.5,7.0,5.0,4.0,7.0,5.0,6.0,6.0,2.0,3.0,1.0,1.5,3.5
404,4.0,5.0,3.0,7.0,6.0,3.0,5.0,6.0,7.0,4.0,1.0,1.0,2.0,2.0
405,7.0,1.0,2.5,4.0,4.0,2.0,6.0,3.0,2.5,6.0,1.0,7.0,5.0,5.0
406,6.5,6.5,2.0,3.0,4.5,4.5,4.5,4.5,3.0,2.0,1.0,1.0,6.5,6.5
407,3.0,2.0,4.0,6.0,7.0,5.0,6.0,4.0,2.0,7.0,5.0,3.0,1.0,1.0
408,5.0,1.0,3.0,6.0,4.0,2.0,6.0,4.0,2.0,5.0,1.0,3.0,7.0,7.0
409,5.5,3.5,3.0,6.0,4.0,7.0,7.0,1.0,5.5,3.5,1.0,2.0,2.0,5.0
410,5.5,5.0,7.0,1.0,4.0,7.0,5.5,3.0,3.0,6.0,1.5,3.0,1.5,3.0
411,5.0,3.0,3.0,6.0,4.0,4.0,1.0,7.0,2.0,5.0,6.5,1.5,6.5,1.5
412,7.0,1.0,6.0,2.0,4.0,7.0,5.0,3.0,3.0,6.0,1.5,4.5,1.5,4.5
413,2.0,1.0,3.0,3.0,7.0,2.0,6.0,7.0,1.0,6.0,4.5,4.5,4.5,4.5
414,4.0,2.0,1.0,6.0,7.0,4.0,6.0,5.0,2.0,7.0,5.0,1.0,3.0,3.0
415,4.0,3.0,3.0,7.0,2.0,4.0,6.0,5.0,1.0,6.0,7.0,2.0,5.0,1.0
416,3.0,6.0,2.0,4.0,6.5,6.0,6.5,6.0,1.0,3.0,4.0,1.0,5.0,2.0
417,2.5,4.5,1.0,3.0,7.0,7.0,6.0,6.0,4.0,1.0,2.5,4.5,5.0,2.0
418,7.0,3.0,5.0,4.0,4.0,6.0,1.0,7.0,6.0,5.0,2.5,1.5,2.5,1.5
419,5.5,2.5,5.5,2.5,2.0,6.0,1.0,7.0,3.0,5.0,5.5,2.5,5.5,2.5
420,5.0,2.5,5.0,2.5,5.0,6.0,1.0,7.0,2.0,5.0,5.0,2.5,5.0,2.5
421,7.0,4.0,5.0,2.0,6.0,3.0,4.0,7.0,3.0,5.0,1.0,1.0,2.0,6.0
422,2.0,5.0,1.0,6.0,7.0,3.0,3.0,7.0,6.0,4.0,4.5,1.5,4.5,1.5
423,6.0,5.0,5.0,1.0,7.0,3.0,4.0,7.0,1.0,2.0,2.0,4.0,3.0,6.0
424,4.0,6.0,1.0,3.0,7.0,1.0,6.0,7.0,5.0,4.0,3.0,2.0,2.0,5.0
425,5.0,2.0,3.0,4.0,7.0,6.0,1.0,7.0,2.0,5.0,5.0,2.0,5.0,2.0
426,2.0,3.0,1.0,5.0,6.0,6.0,5.0,4.0,7.0,7.0,3.5,1.5,3.5,1.5
427,6.0,6.0,4.0,5.0,5.0,3.0,1.0,7.0,7.0,4.0,2.5,1.5,2.5,1.5
429,3.5,3.5,3.5,3.5,6.5,3.5,6.5,3.5,1.0,7.0,3.5,3.5,3.5,3.5
430,2.0,2.0,3.0,3.0,4.0,4.0,5.0,5.0,6.0,6.0,1.0,1.0,7.0,7.0
431,2.0,2.0,3.0,3.0,4.0,4.0,5.0,5.0,6.0,6.0,1.0,1.0,7.0,7.0
432,2.0,2.0,3.0,3.0,4.0,4.0,5.0,5.0,6.0,6.0,1.0,1.0,7.0,7.0
433,6.0,5.0,5.0,2.0,4.0,7.0,3.0,4.0,7.0,3.0,1.0,6.0,2.0,1.0
434,5.0,4.0,2.0,3.0,6.0,6.0,1.0,7.0,3.0,2.0,4.0,5.0,7.0,1.0
435,6.0,7.0,7.0,1.0,4.0,6.0,2.0,3.0,3.0,4.0,5.0,5.0,1.0,2.0
436,1.0,2.0,7.0,6.0,3.0,4.0,5.0,5.0,6.0,7.0,4.0,1.0,2.0,3.0
437,4.0,5.0,5.0,4.0,6.0,3.0,3.0,7.0,7.0,2.0,2.0,6.0,1.0,1.0
438,4.5,4.5,2.5,1.5,7.0,7.0,1.0,6.0,6.0,3.0,4.5,4.5,2.5,1.5
439,4.0,6.0,4.0,6.0,7.0,1.0,2.0,4.0,4.0,6.0,1.0,3.0,6.0,2.0
440,2.0,3.0,4.0,7.0,6.0,5.0,1.0,4.0,7.0,6.0,5.0,1.0,3.0,2.0
441,2.0,2.0,3.0,3.0,4.0,4.0,5.0,5.0,6.0,6.0,1.0,1.0,7.0,7.0
442,3.0,7.0,1.0,6.0,7.0,2.0,5.0,5.0,6.0,4.0,2.0,1.0,4.0,3.0
443,2.0,4.0,1.0,3.0,7.0,7.0,3.0,6.0,6.0,5.0,4.5,1.5,4.5,1.5
444,3.0,6.0,2.0,3.0,5.5,6.0,5.5,6.0,1.0,2.0,4.0,4.0,7.0,1.0
445,6.5,3.5,3.0,1.0,4.0,5.0,5.0,2.0,2.0,6.0,6.5,3.5,1.0,7.0
446,1.0,5.0,2.5,6.5,5.0,3.0,4.0,4.0,2.5,6.5,6.5,1.5,6.5,1.5
447,6.5,6.5,3.0,3.0,5.0,4.0,4.0,5.0,2.0,2.0,6.5,6.5,1.0,1.0
448,2.5,1.5,7.0,7.0,6.0,3.0,5.0,6.0,1.0,4.0,2.5,1.5,4.0,5.0
449,3.0,4.0,4.0,3.0,7.0,1.0,5.0,5.0,6.0,2.0,2.0,7.0,1.0,6.0
450,5.0,6.0,6.0,4.0,3.0,3.0,2.0,7.0,7.0,5.0,1.0,1.0,4.0,2.0
451,7.0,6.0,5.0,4.0,6.0,3.0,2.0,5.0,1.0,7.0,3.5,1.5,3.5,1.5
452,3.0,7.0,4.0,6.0,7.0,4.0,5.0,5.0,6.0,3.0,1.5,1.5,1.5,1.5
453,5.0,5.0,2.0,1.0,6.0,4.0,3.5,6.5,7.0,2.0,3.5,6.5,1.0,3.0
454,6.5,4.5,6.5,4.5,5.0,3.0,4.0,7.0,3.0,6.0,1.5,1.5,1.5,1.5
455,4.0,5.0,3.0,4.0,5.0,7.0,6.0,6.0,7.0,3.0,2.0,1.0,1.0,2.0
456,1.0,1.0,2.0,2.0,3.0,3.0,4.0,4.0,5.0,5.0,6.0,6.0,7.0,7.0
457,4.0,3.0,3.0,5.0,6.0,4.0,7.0,7.0,5.0,2.0,2.0,6.0,1.0,1.0
458,3.0,1.0,2.0,4.0,7.0,6.0,4.0,7.0,5.0,3.0,6.0,2.0,1.0,5.0
459,6.0,6.0,2.0,1.0,7.0,5.0,5.0,3.0,3.0,4.0,4.0,2.0,1.0,7.0
460,6.0,2.0,7.0,1.0,2.0,7.0,5.0,5.0,4.0,4.0,3.0,6.0,1.0,3.0
461,5.0,5.0,4.0,7.0,7.0,1.0,6.0,2.0,3.0,6.0,1.0,3.0,2.0,4.0
462,2.0,7.0,1.0,6.0,6.0,5.0,7.0,4.0,4.0,3.0,5.0,2.0,3.0,1.0
463,4.0,4.0,4.0,4.0,6.5,1.5,1.0,7.0,6.5,1.5,2.0,6.0,4.0,4.0
464,6.0,2.0,5.0,5.0,7.0,6.0,3.5,3.0,3.5,7.0,2.0,1.0,1.0,4.0
465,5.0,3.0,5.0,3.0,5.0,3.0,5.0,3.0,5.0,3.0,1.5,6.5,1.5,6.5
466,5.5,2.5,5.5,2.5,5.5,2.5,3.0,6.0,5.5,2.5,1.0,5.0,2.0,7.0
